課-序號,序號,生詞,漢拼,詞類,英譯,越譯,冊
1-1,1.        ,小玲,Xiǎolíng ,,"Xiaoling, female","Xiaoling, nữ",4
1-1,2.        ,阿建,Ājiàn ,,"Ajian, male","Ajian, nam",4
1-1,3.        ,聊天室,liáotiānshì ,N,"chatroom (室 -shì, room)",phòng chat,4
1-1,4.        ,上班族,shàngbānzú ,N,"(office) workers (族 -zú, group)",dân văn phòng,4
1-1,5.        ,與其,yǔqí ,Conj,rather than…,thay vì…,4
1-1,6.        ,冷清,lěngqīng ,Vs,"deserted, empty","hoang vắng, trống rỗng",4
1-1,7.        ,高就,gāojiù ,Vi,to work (honorific),làm việc (kính ngữ),4
1-1,8.        ,部門,bùmén ,N,department,"bộ phận, ban",4
1-1,9.        ,厲害,lìhài ,Vs,"impressive, good, awesome","ấn tượng, tốt, tuyệt vời",4
1-1,10.     ,加班,jiābān ,V-sep,to work overtime,làm thêm giờ,4
1-1,11.     ,類,lèi ,M,"kind, type","loại, kiểu",4
1-1,12.     ,恐怖片,kǒngbùpiàn ,N,"horror movie (恐怖 kǒngbù, scary; 片 -piàn, film)",phim kinh dị,4
1-1,13.     ,愛情片,àiqíngpiàn,N,"love story or romance movie （愛情 àiqíng, love)",phim tình cảm,4
1-1,14.     ,嚇,xià,Vp,to be scared,sợ hãi,4
1-1,15.     ,哭,kū,V,to cry,khóc,4
1-1,16.     ,上癮,shàngyǐn ,Vp,"to get hooked on, addicted","bị nghiện, bị cuốn hút",4
1-1,17.     ,刺激,cìjī ,Vs,stimulating,kích thích,4
1-1,18.     ,簡直,jiǎnzhí ,Adv,"simply, really","đơn giản là, thực sự là",4
1-1,19.     ,膽子,dǎnzi ,N,"guts, courage","gan dạ, can đảm",4
1-1,20.     ,部,bù ,M,measure word for movies,bộ (lượng từ cho phim),4
1-1,21.     ,限制級,xiànzhìjí ,N,"restricted (viewing for movies) (限制 xiànzhì, restricted; 級 -jí, level)",giới hạn độ tuổi xem (phim),4
1-1,22.     ,電影院,diànyǐngyuàn ,N,"cinema, movie theater",rạp chiếu phim,4
1-1,23.     ,呃,è  ,Ptc,"uh, interjection indicating embarrassment","ừ, ờ (thán từ ngại ngùng)",4
1-1,24.     ,建設公司,jiànshè gōngsī ,,construction company,công ty xây dựng,4
1-1,25.     ,業務經理,yèwù jīnglǐ ,,business manager,giám đốc kinh doanh,4
1-1,26.     ,室內設計,shìnèi shèjì ,,interior design,thiết kế nội thất,4
1-2,1.        ,溫暖,wēnnuǎn ,Vs,warm,ấm áp,4
1-2,2.        ,目前,mùqián ,Adv,currently,hiện tại,4
1-2,3.        ,所,suǒ,M,measure word for schools,ngôi (lượng từ cho trường học),4
1-2,4.        ,就讀,jiùdú ,Vi,to be enrolled as a student,"nhập học, ghi danh",4
1-2,5.        ,不至於,búzhìyú ,Adv,"not so, not to that degree, not so much that ","không đến mức, không đến nỗi",4
1-2,6.        ,但,dàn,Conj,"but, however (formal)","nhưng, tuy nhiên (trang trọng)",4
1-2,7.        ,放學,fàngxué ,Vp,"after school, when school lets out","tan học, sau giờ học",4
1-2,8.        ,後,hòu,N,afterwards (formal),sau đó (trang trọng),4
1-2,9.        ,解決,jiějué ,V,to take care,chăm sóc,4
1-2,10.     ,寂寞,jímò ,Vs,lonely,cô đơn,4
1-2,11.     ,網友,wǎngyǒu ,N,online friends,bạn bè qua mạng,4
1-2,12.     ,陪伴,péibàn ,V,to keep somebody company,"làm bạn, giữ công ty",4
1-2,13.     ,電腦,diànnǎo ,N,computer,máy tính,4
1-2,14.     ,進入,jìnrù ,V,to enter,"vào, truy cập",4
1-2,15.     ,線上,xiànshàng ,N,online,trực tuyến,4
1-2,16.     ,感情,gǎnqíng ,N,"emotions, feelings, love","tình cảm, cảm xúc",4
1-2,17.     ,小氣,xiǎoqì ,Vs,to be stingy,keo kiệt,4
1-2,18.     ,時,shí,N,when (formal),khi (trang trọng),4
1-2,19.     ,往往,wǎngwǎng ,Adv,"oftentimes, generally","thường thường, nói chung là",4
1-2,20.     ,打氣,dǎqì ,Vi,to cheer on/up,cổ vũ,4
1-2,21.     ,安慰,ānwèi ,V,to comfort,an ủi,4
1-2,22.     ,心裡,xīnlǐ ,N,in (one’s) mind,trong lòng,4
1-2,23.     ,大膽,dàdǎn ,Vs,"to be bold, courageous","gan dạ, dũng cảm",4
1-2,24.     ,紓解,shūjiě ,V,to relieve,giải tỏa,4
1-2,25.     ,轉換,zhuǎnhuàn ,V,"to change, transform","thay đổi, biến đổi",4
1-2,26.     ,虛擬,xūnǐ ,Vs-attr,virtual,ảo,4
1-2,27.     ,現實,xiànshí ,Vs,"actual, real","thực tế, thật",4
1-2,28.     ,心理,xīnlǐ ,N,"psychological, mental",tâm lý,4
1-2,29.     ,即使,jíshǐ,Conj,"even if, even though","ngay cả khi, mặc dù",4
1-2,30.     ,責備,zébèi ,V,"to reproach, get on somebody’s case","trách mắng, la rầy",4
1-2,31.     ,期待,qídài ,N,expectations,kỳ vọng,4
1-2,32.     ,喘氣,chuǎnqì ,V-sep,"to gasp, pant","thở hổn hển, thở gấp",4
1-2,33.     ,自在,zìzài ,Vs,"to be at ease, relaxed","thoải mái, thư giãn",4
1-2,34.     ,交友,jiāoyǒu,Vi,to make friends (with),kết bạn (với),4
1-2,35.     ,暴力,bàolì ,N,violence,bạo lực,4
1-2,36.     ,點,diǎn,V,to click (on),nhấp chuột (vào),4
1-2,37.     ,懂得,dǒngde  ,Vst,to know how to,"biết cách, có khả năng",4
1-2,38.     ,陷阱,xiànjǐng ,N,"trap, snare","bẫy, cạm",4
1-2,39.     ,明星高中,míngxīng gāozhōng,,"distinguished ,exclusive high school",trường trung học danh tiếng,4
1-2,40.     ,早出晚歸,zǎochū wǎnguī ,,to leave home early and get home late,đi sớm về khuya,4
1-2,41.     ,打開,dǎkāi,,"to turn on, to power on","bật, mở nguồn",4
1-2,42.     ,喘不過氣,chuǎnbúguò qì ,,"to be under great pressure, (lit.) unable to breathe ","chịu áp lực lớn, (nghĩa đen) không thở nổi",4
1-2,43.     ,躲進,duǒjìn,,to hide oneself in ,ẩn mình trong,4
1-2,44.     ,掉進,diàojìn ,,to fall into,rơi vào,4
2-1,1.        ,李雲真,Lǐ Yúnzhēn ,,"Li Yunzhen, female","Lý Vân Trân, nữ",4
2-1,2.        ,眼睛,yǎnjīng ,N,eye,mắt,4
2-1,3.        ,耳朵,ěrduo ,N,ear,tai,4
2-1,4.        ,饗宴,xiǎngyàn ,N,feast,bữa tiệc,4
2-1,5.        ,打扮,dǎbàn ,V,to put on makeup,trang điểm,4
2-1,6.        ,音樂廳,yīnyuètīng,N,"music hall, concert hall(廳 -tīng, hall)",phòng hòa nhạc,4
2-1,7.        ,表演,biǎoyǎn ,N/V,performance; to perform,buổi biểu diễn; biểu diễn,4
2-1,8.        ,整齊,zhěngqí ,Vs,neat,"gọn gàng, chỉn chu",4
2-1,9.        ,穿著,chuānzhuó  ,N,attire,trang phục,4
2-1,10.     ,丟臉,diūliǎn ,Vs-sep,"to lose face, to be embarrassed","mất mặt, xấu hổ",4
2-1,11.     ,短褲,duǎnkù ,N,shorts,quần soóc,4
2-1,12.     ,涼鞋,liángxié ,N,sandals,dép xăng-đan,4
2-1,13.     ,擋,dǎng ,V,to block,"chặn, cản",4
2-1,14.     ,演出者,yǎnchūzhě ,N,"performer (演出 yǎnchū, to perform; 者 -zhě, person)",người biểu diễn,4
2-1,15.     ,尊重,zūnzhòng ,Vst,to respect,tôn trọng,4
2-1,16.     ,社交,shèjiāo ,N,socialization,giao tiếp xã hội,4
2-1,17.     ,免得,miǎnde,Conj,"lest, so as not to, to avoid","để khỏi, kẻo, tránh cho",4
2-1,18.     ,中場,zhōngchǎng ,N,"intermission, halftime","giờ giải lao, nghỉ giữa giờ",4
2-1,19.     ,準時,zhǔnshí ,Vs,"to be punctual, on time",đúng giờ,4
2-1,20.     ,禮貌,lǐmào ,N,courtesy,phép lịch sự,4
2-1,21.     ,或,huò,Conj,or (formal),hoặc là (trang trọng),4
2-1,22.     ,熟,shóu ,Vs,"to be familiar with, to be close to somebody","thân thiết, quen biết",4
2-1,23.     ,提,tí ,V,"to bring up, mention","nhắc đến, đề cập",4
2-1,24.     ,咳嗽,késòu ,Vi,to cough,ho,4
2-1,25.     ,關,guān ,V,"to close, shut off","đóng, tắt",4
2-1,26.     ,哇,wa ,Ptc,"yikes, oh no","ôi trời, chết rồi",4
2-1,27.     ,水準,shuǐzhǔn ,N,"class, cultural standard","trình độ, văn hóa",4
2-1,28.     ,手冊,shǒucè ,N,"programme, manual","chương trình, sổ tay hướng dẫn",4
2-1,29.     ,洗手間,xǐshǒujiān ,N,"restroom (間 -jiān, part of 房間, room)",nhà vệ sinh,4
2-1,30.     ,提醒,tíxǐng ,V,to remind,nhắc nhở,4
2-1,31.     ,響,xiǎng ,Vp,to sound,"nghe, âm thanh",4
2-1,32.     ,糟,zāo ,Vs,awful,"tồi tệ, kinh khủng",4
2-1,33.     ,噓,xū ,Ptc,"Shh, to hush ","Suỵt, bảo im lặng",4
2-1,34.     ,看不成,kànbùchéng ,,to miss out,bỏ lỡ,4
2-1,35.     ,聯絡感情,liánluò gǎnqíng,,to get to know each other better to strengthen ties with each other,tìm hiểu nhau hơn để thắt chặt mối quan hệ,4
2-1,36.     ,擤鼻涕,xǐng bítì ,,to blow one’s nose,hỉ mũi,4
2-2,1.        ,場,chǎng ,M,measure word for performances,buổi (lượng từ cho tiết mục biểu diễn),4
2-2,2.        ,強調,qiángdiào ,V,to stress,nhấn mạnh,4
2-2,3.        ,團體,tuántǐ ,N,group,nhóm,4
2-2,4.        ,千萬,qiānwàn ,Adv,by all means,bằng mọi giá,4
2-2,5.        ,鋼琴,gāngqín ,N,piano,dương cầm,4
2-2,6.        ,小提琴,xiǎotíqín ,N,violin,vĩ cầm,4
2-2,7.        ,古典,gǔdiǎn ,Vs,classical,cổ điển,4
2-2,8.        ,畫家,huàjiā,N,painter,họa sĩ,4
2-2,9.        ,畫,huà,V/N,to paint; painting,vẽ tranh; bức tranh,4
2-2,10.     ,舞蹈,wǔdào ,N,dance,múa,4
2-2,11.     ,文學,wénxué ,N,literature,văn học,4
2-2,12.     ,繪畫,huìhuà ,N,"(act of) painting, drawing",hành động vẽ tranh,4
2-2,13.     ,等,děng ,Ptc,"etc., and so forth",vân vân,4
2-2,14.     ,寺廟,sìmiào ,N,temple,ngôi đền,4
2-2,15.     ,表現,biǎoxiàn ,V/N,"to manifest, express; manifestation, expression","thể hiện, biểu lộ; sự thể hiện",4
2-2,16.     ,之,zhī ,Ptc,"of (from classical Chinese, roughly equivalent to the modern Chinese 的)","của (từ Hán văn, tương đương với 的)",4
2-2,17.     ,劇情,jùqíng ,N,"story, plot, storyline","câu chuyện, cốt truyện",4
2-2,18.     ,導演,dǎoyǎn ,N,director (movies),đạo diễn (phim),4
2-2,19.     ,所,suǒ ,Ptc,a verbal marker (marking what comes after as a verb),một dấu hiệu động từ (đánh dấu những gì theo sau là động từ),4
2-2,20.     ,紅,hóng ,Vs,popular (of an actress or singer) ,nổi tiếng (của diễn viên hoặc ca sĩ),4
2-2,21.     ,明星,míngxīng,N,movie stars,ngôi sao điện ảnh,4
2-2,22.     ,演技,yǎnjì ,N,acting skills,kỹ năng diễn xuất,4
2-2,23.     ,得,dé ,Vpt,"to get, obtain, receive","nhận được, đạt được",4
2-2,24.     ,獎,jiǎng ,N,award,giải thưởng,4
2-2,25.     ,廣場,guǎngchǎng ,N,plaza,quảng trường,4
2-2,26.     ,或,huò ,Conj,or,hoặc là,4
2-2,27.     ,仔細,zǐxì ,Adv,"carefully, attentively","cẩn thận, chú ý",4
2-2,28.     ,留意,liúyì ,Vst,"to pay attention to, take note of","chú ý đến, lưu ý",4
2-2,29.     ,處處,chùchù ,Adv,everywhere,khắp nơi,4
2-2,30.     ,滿足,mǎnzú ,Vst,to satisfy,thỏa mãn,4
2-2,31.     ,豐盛,fēngshèng ,Vs,"sumptuous, abundant","thịnh soạn, phong phú",4
2-2,32.     ,國家戲劇院,Guójiā Xìjùyuàn ,,National Theater ,Nhà hát Quốc gia,4
2-2,33.     ,雲門舞集,Yúnmén Wǔjí ,,Cloud Gate Dance Theatre,Vũ đoàn Múa Cổng Mây,4
2-2,34.     ,國家音樂廳,Guójiā Yīnyuètīng ,,National Concert Hall,Nhà hát Hòa nhạc Quốc gia,4
2-2,35.     ,金馬影展,Jīnmǎ Yǐngzhǎn ,,Golden Horse Film Festival,Lễ hội Phim Kim Mã,4
2-2,36.     ,現代舞,xiàndài wǔ ,,modern dance,múa hiện đại,4
2-2,37.     ,無人不知無人不曉,wúrén bùzhī wúrén bùxiǎo,,known to all,ai cũng biết,4
2-2,38.     ,百聞不如一見,bǎiwén bùrú yíjiàn ,,seeing it once is better than hearing about it a hundred times,trăm nghe không bằng một thấy,4
2-2,39.     ,老街,lǎojiē ,,old street,phố cổ,4
2-2,40.     ,街頭藝術,jiētóu yìshù ,,street art,nghệ thuật đường phố,4
2-2,41.     ,裝置藝術,zhuāngzhì yìshù ,,installation art,nghệ thuật sắp đặt,4
2-2,42.     ,填飽,tiánbǎo ,,to fill one’s belly,lấp đầy bụng đói,4
2-2,43.     ,口腹之慾,kǒufù zhīyù ,,the desire of one’s palate,thỏa mãn vị giác,4
3-1,1.        ,李文麗,Lǐ Wénlì,,"Li Wenli, female","Lý Văn Lệ, nữ",4
3-1,2.        ,外婆,wàipó,N,grandma,bà ngoại/bà nội,4
3-1,3.        ,女裝,nǚzhuāng,N,women’s apparel,quần áo phụ nữ,4
3-1,4.        ,何必,hébì,Adv,"Why bother…, Why must?",Tại sao phải...?,4
3-1,5.        ,指,zhǐ,Vst,"to mean, to indicate","có nghĩa là, chỉ",4
3-1,6.        ,划算,huásuàn,Vs,"cost effective, a good deal","hiệu quả chi phí, hời",4
3-1,7.        ,身材,shēncái,N,"figure, build, body (shape) ","vóc dáng, thân hình",4
3-1,8.        ,模特兒,mótèr,N,model,người mẫu,4
3-1,9.        ,不見得,bújiàndé,Adv,not necessarily,"chưa chắc, không nhất thiết",4
3-1,10.     ,仿冒品,fǎngmàopǐn,N,"knock-off, counterfeit product (仿冒 fǎngmào,","hàng giả, hàng nhái",4
3-1,11.     ,瑕疵,xiácī,N,defect,"khiếm khuyết, lỗi",4
3-1,12.     ,圖片,túpiàn,N,picture,hình ảnh,4
3-1,13.     ,落差,luòchā,N,difference,sự khác biệt,4
3-1,14.     ,提供,tígōng,V,to offer,cung cấp,4
3-1,15.     ,資訊,zīxùn,N,information,thông tin,4
3-1,16.     ,疑問,yíwèn,N,"question, doubt","câu hỏi, nghi ngờ",4
3-1,17.     ,嘛,ma,Ptc,"sentence particle,‘it is obvious that’","rõ ràng là, hiển nhiên là",4
3-1,18.     ,慣,guàn,Ptc,"to get used to, accustomed to etc… ","quen với, quen thuộc với, v.v...",4
3-1,19.     ,瀏覽,liúlǎn,V,"to browse, surf (the internet)",lướt (web),4
3-1,20.     ,後悔,hòuhuǐ,Vs,"to regret, feel sorrowful about","hối tiếc, ân hận về",4
3-1,21.     ,深夜,shēnyè,N,"late at night, in the wee hours","khuya, vào lúc nửa đêm",4
3-1,22.     ,任何,rènhé,Det,any,bất kỳ,4
3-1,23.     ,駭客,hàikè,N,hacker,tin tặc,4
3-1,24.     ,盜用,dàoyòng,V,"to hack, use illegitamately",xâm nhập bất hợp pháp,4
3-1,25.     ,認證,rènzhèng,V/N,to certify; certification,chứng nhận; sự chứng nhận,4
3-1,26.     ,銀髮族,yínfǎzú,N,"senior citizens, seniors (銀 yín, silver; 髮 -fǎ, hair)",người cao tuổi,4
3-1,27.     ,從前,cóngqián,N,"in the past, before, formerly","trước đây, ngày xưa",4
3-1,28.     ,通常,tōngcháng,Adv,"generally, as a rule","nhìn chung, theo quy tắc",4
3-1,29.     ,取貨,qǔhuò,V-sep,to pick up goods,nhận hàng,4
3-1,30.     ,付款,fùkuǎn,V-sep,to make payment,thanh toán,4
3-1,31.     ,雲端科技,yúnduān kējì,,cloud/internet technology,công nghệ điện toán đám mây,4
3-1,32.     ,宅經濟,zháijīngjì,,online economy,kinh tế trực tuyến,4
3-1,33.     ,用不慣,yòngbúguàn,,"not used/accustomed to using, not comfortable with","không quen dùng, không thoải mái với",4
3-1,34.     ,退換,tuì huàn,,"to return, to exchange for something else","trả lại, đổi",4
3-1,35.     ,信用卡,xìnyòng kǎ,,credit card,thẻ tín dụng,4
3-2,1.        ,縮短,suōduǎn,Vpt,to shorten,rút ngắn,4
3-2,2.        ,人們,rénmen,N,people in general,mọi người nói chung,4
3-2,3.        ,距離,jùlí,N,distance,khoảng cách,4
3-2,4.        ,取代,qǔdài,V,to replace,thay thế,4
3-2,5.        ,信,xìn,N,"letter, mail","thư, thư tín",4
3-2,6.        ,影集,yǐngjí,N,(TV) series,phim bộ (truyền hình),4
3-2,7.        ,取得,qǔdé,V,"to obtain, access","có được, tiếp cận",4
3-2,8.        ,例如,lìrú,Vst,for example,ví dụ,4
3-2,9.        ,民眾,mínzhòng,N,"the public, people in general","công chúng, mọi người",4
3-2,10.     ,高速公路,gāosù gōnglù,N,"highway, freeway",đường cao tốc,4
3-2,11.     ,前,qián,N,before (formal),trước (trang trọng),4
3-2,12.     ,查詢,cháxún,V,"to look up, check","tra cứu, kiểm tra",4
3-2,13.     ,路況,lùkuàng,N,"road situation, traffic situation",tình hình giao thông,4
3-2,14.     ,避開,bìkāi,V,to avoid,tránh,4
3-2,15.     ,路段,lùduàn,N,section of road,đoạn đường,4
3-2,16.     ,若,ruò,Conj,"if, supposing","nếu, giả sử",4
3-2,17.     ,運用,yùnyòng,V,"to use, employ","sử dụng, dùng",4
3-2,18.     ,病歷,bìnglì,N,medical records,bệnh án,4
3-2,19.     ,例子,lìzi,N,example,ví dụ,4
3-2,20.     ,更加,gèngjiā,Adv,even more,thậm chí còn,4
3-2,21.     ,原本,yuánběn,Adv,originally,"ban đầu, vốn dĩ",4
3-2,22.     ,忙碌,mánglù,Vs,busy,bận rộn,4
3-2,23.     ,確實,quèshí,Adv,indeed,quả thực,4
3-2,24.     ,控制,kòngzhì,V,to control,kiểm soát,4
3-2,25.     ,表弟,biǎodì,N,cousin (younger male cousin from one’s mother’s side as well as from one’s father’s sisters),em họ (con trai của anh chị em họ bên nội hoặc bên ngoại),4
3-2,26.     ,退步,tuìbù,Vp,"to regress, get worse, fall behind","thụt lùi, tệ hơn, sa sút",4
3-2,27.     ,過度,guòdù,Adv,"overly, excessively",quá mức,4
3-2,28.     ,與,yǔ,Conj,and (formal),và (trang trọng),4
3-2,29.     ,生理,shēnglǐ,N,physical health,sức khỏe thể chất,4
3-2,30.     ,盯,dīng,V,to stare,nhìn chằm chằm,4
3-2,31.     ,螢幕,yíngmù,N,"screen, monitor",màn hình,4
3-2,32.     ,疲倦,píjuàn,Vs,"tired, fatigued","mệt mỏi, uể oải",4
3-2,33.     ,視力,shìlì,N,"vision, eyesight",thị lực,4
3-2,34.     ,家長,jiāzhǎng,N,parent,phụ huynh,4
3-2,35.     ,此外,cǐwài,Conj,in addition,thêm vào đó,4
3-2,36.     ,戶外,hùwài,N,outdoor,ngoài trời,4
3-2,37.     ,人類,rénlèi,N,"mankind, humans",nhân loại,4
3-2,38.     ,正面,zhèngmiàn,Vs,positive,tích cực,4
3-2,39.     ,同時,tóngshí,Adv,at the same time,đồng thời,4
3-2,40.     ,負面,fùmiàn,Vs,negative,tiêu cực,4
3-2,41.     ,沉迷,chénmí,Vs,"to be obsessed with, wallow in","sa đà, chìm đắm",4
3-2,42.     ,無形中,wúxíng zhōng,,imperceptibly,một cách vô hình,4
3-2,43.     ,遠距教學,yuǎnjù jiāoxué,,distance learning,học từ xa,4
3-2,44.     ,大吵大鬧,dàchǎo dànào,,"to kick up a row, make a scene, scream bloody murder","làm ầm ĩ, gây rối",4
3-2,45.     ,焦慮不安,jiāolǜ bù’ān,,to be anxious,lo lắng,4
3-2,46.     ,總而言之,zǒng’ér yánzhī,,"in conclusion, to sum up, in short","tóm lại, nói tóm lại",4
4-1,1.        ,該,gāi,Vaux,"should, ought to","nên, phải",4
4-1,2.        ,擺,bǎi,V,"to place, display","đặt, trưng bày",4
4-1,3.        ,總算,zǒngsuàn,Adv,finally,cuối cùng,4
4-1,4.        ,欸,èi,Ptc,"hey, calling attention","này, nghe này (gây sự chú ý)",4
4-1,5.        ,呀,yā,Ptc,particle indicating uncertainty,"à, ư (thể hiện sự không chắc chắn)",4
4-1,6.        ,衣櫥,yīchú,N,closet,tủ quần áo,4
4-1,7.        ,梳妝台,shūzhuāngtái,N,dressing table,bàn trang điểm,4
4-1,8.        ,位置,wèizhì,N,"position, location",vị trí,4
4-1,9.        ,空間,kōngjiān,N,space,không gian,4
4-1,10.     ,科學,kēxué,N,science,khoa học,4
4-1,11.     ,風水師,fēngshuǐshī,N,"Feng Shui master, geomancer (風水 fēngshuǐ, Feng Shui; 師 -shī, master)",thầy phong thủy,4
4-1,12.     ,在意,zàiyì,Vs,to care about,quan tâm,4
4-1,13.     ,所謂,suǒwèi,V,"so-called, what is known as",cái gọi là,4
4-1,14.     ,角度,jiǎodù,N,"angle, perspective","góc độ, quan điểm",4
4-1,15.     ,改造,gǎizào,V,"to transform, restructure","chuyển đổi, tái cấu trúc",4
4-1,16.     ,學問,xuéwèn,N,a branch of learning,một ngành học,4
4-1,17.     ,居住,jūzhù,Vi,"to live, reside","sinh sống, cư trú",4
4-1,18.     ,日常,rìcháng,Vs-attr,daily,hàng ngày,4
4-1,19.     ,布置,bùzhì,N/V,"décor, layout, arrangement; to decorate, to arrange furniture","bài trí, sự sắp xếp; trang trí, sắp xếp nội thất",4
4-1,20.     ,凶猛,xiōngměng,Vs,"fierce, ferocious","dữ tợn, hung bạo",4
4-1,21.     ,動物,dòngwù,N,animal,động vật,4
4-1,22.     ,刀,dāo,N,knife,dao,4
4-1,23.     ,劍,jiàn,N,sword,kiếm,4
4-1,24.     ,脾氣,píqì,N,temper,tính khí,4
4-1,25.     ,暴躁,bàozào,Vs,"cranky, irritable","cáu kỉnh, dễ nổi nóng",4
4-1,26.     ,衝動,chōngdòng,Vs,"impulsive, rash","bốc đồng, hấp tấp",4
4-1,27.     ,鏡子,jìngzi,N,mirror,gương,4
4-1,28.     ,床腳,chuángjiǎo,N,foot of the bed,cuối giường,4
4-1,29.     ,光,guāng,Adv,"alone, merely","chỉ, đơn thuần",4
4-1,30.     ,擺飾,bǎishì,N,"décor, ornaments",đồ trang trí,4
4-1,31.     ,老婆,lǎopó,N,wife,vợ,4
4-1,32.     ,把,bǎ ,M,"measure word for objects that can be grasped or objects with a handle, e.g., umbrella, knife","cây, cái, con (lượng từ cho vật có thể cầm hoặc có tay cầm, ví dụ: ô, dao)",4
4-1,33.     ,欺負,qīfù,V,"to pick on, bully, take advantage of","bắt nạt, ức hiếp",4
4-1,34.     ,風水學,Fēngshuǐxué,,"the study of Feng Shui, geomancy (學 -xué, study, -ology)",môn phong thủy,4
4-1,35.     ,正對門,zhèng duì mén,,directly facing the door,chính diện cửa,4
4-1,36.     ,譬如說,pìrú shuō,,for example,ví dụ,4
4-1,37.     ,一口氣,yì kǒu qì,,in one breath,một mạch,4
4-1,38.     ,死定了,sǐdìngle,,"(You’re) a dead man, You’re toast",Mày chết chắc rồi,4
4-2,1.        ,地理,dìlǐ,N,geography,địa lý,4
4-2,2.        ,便利性,biànlìxìng,N,"convenience (性 -xìng, property, suffix indicating that a term is a noun)",sự tiện lợi,4
4-2,3.        ,周邊,zhōubiān,N,"surrounding, periphery","xung quanh, vùng ngoại vi",4
4-2,4.        ,住宅,zhùzhái,N,residence,nơi cư trú,4
4-2,5.        ,詞,cí,N,"term,word","thuật ngữ, từ ngữ",4
4-2,6.        ,西元,Xīyuán,N,A.D. ,sau Công nguyên,4
4-2,7.        ,推翻,tuīfān,V,"to repudiate, overturn","bác bỏ, lật đổ",4
4-2,8.        ,心中,xīnzhōng,N,in somebody’s heart,trong lòng ai đó,4
4-2,9.        ,名言,míngyán,N,well-known saying,câu nói nổi tiếng,4
4-2,10.     ,建造,jiànzào,V,to build,xây dựng,4
4-2,11.     ,塑造,sùzào,V,to shape,"định hình, tạo hình",4
4-2,12.     ,命運,mìngyùn,N,"fate, destiny",số phận,4
4-2,13.     ,本身,běnshēn,N,"itself, oneself","bản thân, chính nó",4
4-2,14.     ,地標,dìbiāo,N,landmark,"điểm mốc, biểu tượng",4
4-2,15.     ,參考,cānkǎo,V/N,to make reference to; reference,tham khảo; sự tham khảo,4
4-2,16.     ,外觀,wàiguān,N,"exterior, appearance","bề ngoài, ngoại thất",4
4-2,17.     ,疊,dié,V,to stack,"chất đống, xếp chồng",4
4-2,18.     ,盆子,pénzi,N,basin,chậu,4
4-2,19.     ,斜,xié,Vs,"slanted, tilted","nghiêng, xiên",4
4-2,20.     ,牆面,qiángmiàn,N,wall face,bề mặt tường,4
4-2,21.     ,聚寶盆,jùbǎopén,N,"treasure basin, similar to a cornucopia but filled with treasure (聚 -jù, to gather; 寶 -bǎo, treasure; ","bồn tụ báu, chậu thập bảo",4
4-2,22.     ,角,jiǎo,N,corner,góc,4
4-2,23.     ,龍,lóng,N,dragon,rồng,4
4-2,24.     ,古,gǔ,Vs-attr,ancient (formal),cổ xưa (trang trọng),4
4-2,25.     ,錢幣,qiánbì,N,"coins,currency","tiền xu, tiền tệ",4
4-2,26.     ,屋頂,wūdǐng,N,roof,mái nhà,4
4-2,27.     ,龜,guī,N,"turtle, tortoise",rùa,4
4-2,28.     ,招財,zhāocái,Vi,to attract treasure,chiêu tài,4
4-2,29.     ,側門,cèmén,N,"side door, side gate","cửa hông, cổng phụ",4
4-2,30.     ,遮雨棚,zhēyǔpéng,N,"canopy, awning",mái hiên,4
4-2,31.     ,如意,rúyì,N,"ruyi, scepter, s-shaped ornamental object that brings good luck","như ý, vật trang trí hình chữ S mang lại may mắn",4
4-2,32.     ,設計,shèjì,N/V,design; to design,thiết kế; sự thiết kế,4
4-2,33.     ,偶然,ǒurán,Vs,"random, accidental, chancy","ngẫu nhiên, tình cờ",4
4-2,34.     ,晉代,Jìn Dài,,Jin Dynasty,Nhà Tấn,4
4-2,35.     ,郭璞,Guō Pú,,Guo Pu,Quách Phác,4
4-2,36.     ,英國,Yīngguó,,the UK,Vương quốc Anh,4
4-2,37.     ,邱吉爾,Qiūjí’ěr,,Churchill,Churchill,4
4-2,38.     ,信義路,Xìnyì Lù,,Xinyi Road,Đường Tín Nghĩa,4
4-2,39.     ,松智路,Sōngzhì Lù,,Songzhi Road,Đường Tùng Trí,4
4-2,40.     ,一命二運三風水,yímìng èryùn sānfēngshuǐ,,Fate is most important. Luck is second. Feng Shui is third.,"Nhất mệnh, nhị vận, tam phong thủy.",4
4-2,41.     ,加起來,jiāqǐlái,,"to add up, totalize","cộng dồn, tính tổng",4
4-2,42.     ,咬錢龜,yǎoqián guī,,money-biting turtle,rùa cắn tiền,4
4-2,43.     ,十全十美,shíquán,,"perfect, pinnacle of perfection","hoàn hảo, đỉnh cao của sự hoàn hảo",4
5-1,1.        ,夢,mèng ,N,dream,giấc mơ,4
5-1,2.        ,排隊,páiduì ,V-sep,"to line up, stand in queue",xếp hàng,4
5-1,3.        ,校刊,xiàokān ,N,"school newspaper, school publications of all sorts","báo tường, ấn phẩm của trường",4
5-1,4.        ,採訪,cǎifǎng ,V,to interview,phỏng vấn,4
5-1,5.        ,校友,xiàoyǒu ,N,alumnus,cựu sinh viên,4
5-1,6.        ,博士,bóshì ,N,"doctorate, PhD",học vị tiến sĩ,4
5-1,7.        ,學位,xuéwèi ,N,academic degree,"học vị, bằng cấp",4
5-1,8.        ,考,kǎo,V,to take a test,"thi, kiểm tra",4
5-1,9.        ,司機,sījī ,N,"driver, chauffeur",tài xế,4
5-1,10.     ,學士,xuéshì ,N,"bacheloars, college degree",bằng cử nhân,4
5-1,11.     ,地攤,dìtān,N,street stall,"quầy hàng lề đường, sạp hàng",4
5-1,12.     ,現象,xiànxiàng ,N,phenomenon ,hiện tượng,4
5-1,13.     ,稀奇,xīqí ,Vs,"rare (and unique), singular ","hiếm có, độc nhất",4
5-1,14.     ,搶,qiǎng ,V,"to rob, mug","cướp, cướp giật",4
5-1,15.     ,批評,pīpíng ,V,to criticize,chỉ trích,4
5-1,16.     ,浪費,làngfèi ,Vst,to waste,lãng phí,4
5-1,17.     ,畢竟,bìjìng ,Adv,after all,"rốt cuộc, sau cùng",4
5-1,18.     ,貢獻,gòngxiàn ,V,to make contributions,đóng góp,4
5-1,19.     ,的確,díquè,Adv,indeed,quả thực,4
5-1,20.     ,盲目,mángmù ,Adv,blindly,mù quáng,4
5-1,21.     ,升學,shēngxué ,Vi,to pursue further education,theo đuổi việc học cao hơn,4
5-1,22.     ,逃避,táobì ,V,"to evade, escape","lẩn tránh, trốn tránh",4
5-1,23.     ,就業,jiùyè ,N/Vi ,employment; to get a job,việc làm; tìm việc,4
5-1,24.     ,延後,yánhòu ,V,to postpone,trì hoãn,4
5-1,25.     ,啃老族,kěnlǎozú,N,"a “sponge”, a “parasite”, somebody who feeds off the old (啃老 kěnlǎo, live off one’s parents, lit. gnaw on the old)","""ký sinh trùng"", người sống bám vào bố mẹ già",4
5-1,26.     ,收攤,shōutān ,V-sep ,to close up shop (said of street stalls),đóng cửa hàng (nói về sạp hàng),4
5-1,27.     ,清潔隊員,qīngjié duìyuán ,,"cleaning squad, street cleaners (清潔qīngjié, to clean; 隊員-duìyuán, team member)","đội viên đội vệ sinh, công nhân quét đường",4
5-1,28.     ,擺地攤,bǎi dìtān,,to have a street stall,bán hàng rong,4
5-1,29.     ,大多數,dàduōshù ,,"most, the majority of","phần lớn, đa số",4
5-1,30.     ,話說回來,huàshuō huílái ,,"on the other hand, however","mặt khác, tuy nhiên",4
5-1,31.     ,自食其力,zìshí qílì ,,"to rely on yourself, to stand on your own two feet","tự lực, đứng trên đôi chân của mình",4
5-1,32.     ,下一期,xiàyìqí,,next issue (of a periodical),số tiếp theo (của tạp chí định kỳ),4
5-2,1.        ,段,duàn,M,a period of (time),một khoảng thời gian,4
5-2,2.        ,物價,wùjià,N,"prices, commodity prices","giá cả, giá hàng hóa",4
5-2,3.        ,上漲,shàngzhǎng,Vp,to rise (of prices),tăng (giá),4
5-2,4.        ,所得,suǒdé,N,income,thu nhập,4
5-2,5.        ,漲,zhǎng,Vp,to rise (as of prices and water level),dâng lên (như giá cả và mực nước),4
5-2,6.        ,勉強,miǎnqiǎng,Adv,"barely, with great reluctance","một cách miễn cưỡng, vừa đủ",4
5-2,7.        ,根本,gēnběn,Adv,"at all, in the slightest","một chút nào, hoàn toàn không",4
5-2,8.        ,組織,zǔzhī,N,organization,tổ chức,4
5-2,9.        ,抗議,kàngyì,V,to protest against,biểu tình phản đối,4
5-2,10.     ,地價,dìjià,N,land prices,giá đất,4
5-2,11.     ,房價,fángjià,N,housing prices,giá nhà,4
5-2,12.     ,高漲,gāozhǎng,Vs,to (upward) surge,tăng vọt,4
5-2,13.     ,造成,zàochéng,Vpt,"to cause, produce, make","gây ra, tạo ra",4
5-2,14.     ,統計,tǒngjì,N,statistics,số liệu thống kê,4
5-2,15.     ,窮忙,qióngmáng,Vs,busy doing things without achieving anything,bận rộn mà không đạt được kết quả gì,4
5-2,16.     ,全球,quánqiú,N,"global, worldwide",toàn cầu,4
5-2,17.     ,景氣,jǐngqì,Vs,"prosperous, booming, economic conditions","thịnh vượng, bùng nổ, tình hình kinh tế",4
5-2,18.     ,施行,shīxíng,V,"to implement, put into effect","thực hiện, áp dụng",4
5-2,19.     ,薪資,xīnzī,N,"pay, salary, wages","lương, tiền lương",4
5-2,20.     ,多年,duōnián,N,"for many years, for so long","nhiều năm, lâu nay",4
5-2,21.     ,未,wèi,Adv,not yet (formal),vẫn chưa (trang trọng),4
5-2,22.     ,調高,tiáogāo,V,to adjust upward,điều chỉnh tăng lên,4
5-2,23.     ,裁員,cáiyuán,Vi,to lay off,sa thải,4
5-2,24.     ,觀察,guānchá,V,"to observe, note","quan sát, ghi nhận",4
5-2,25.     ,彩券,cǎiquàn,N,lottery,xổ số,4
5-2,26.     ,中獎,zhòngjiǎng,Vp-sep,"to win (a prize or lottery), to hit a jackpot","trúng (giải, số)",4
5-2,27.     ,做夢,zuòmèng,V-sep,to dream,"mơ mộng, mơ tưởng",4
5-2,28.     ,發財,fācái,Vp-sep,to strike it rich,phát tài,4
5-2,29.     ,臉色,liǎnsè,N,countenance (mood shown on face),sắc mặt,4
5-2,30.     ,報導,bàodǎo,N,"report, article, story (news)","bài báo, tin tức",4
5-2,31.     ,指出,zhǐchū,V,"to indicate, point out","chỉ ra, nêu rõ",4
5-2,32.     ,創業,chuàngyè,Vi,to set up a business,"lập nghiệp, mở doanh nghiệp",4
5-2,33.     ,餐飲業,cānyǐnyè,N,food and beverage industry,ngành dịch vụ ăn uống,4
5-2,34.     ,人生,rénshēng,N,life,cuộc sống,4
5-2,35.     ,及,jí,Conj,and (formal),và (trang trọng),4
5-2,36.     ,挑戰,tiǎozhàn,N,challenge,thách thức,4
5-2,37.     ,培養,péiyǎng,V,"to cultivate, train, foster","bồi dưỡng, đào tạo",4
5-2,38.     ,實力,shílì,N,strength (not physical strength),sức mạnh (không phải sức lực),4
5-2,39.     ,等待,děngdài,V,"to wait for, await","chờ đợi, mong đợi",4
5-2,40.     ,擁有,yǒngyǒu,Vst,"to have as one’s own, possess",sở hữu,4
5-2,41.     ,中國大陸,Zhōngguó Dàlù,,Mainland China,Trung Quốc đại lục,4
5-2,42.    .,存不了,cúnbùliǎo,,can't save (money),không thể tiết kiệm (tiền),4
5-2,43.    ,無殼蝸牛,wúké guāniú,,"""snails without shells"" (people who cannot afford to buy their own home)","""ốc sên không vỏ"" (người không đủ khả năng mua nhà)",4
5-2,44.   ,貧富不均,pínfù bùjūn,,"gap between the rich and the poor, unequal distribution of wealth","khoảng cách giàu nghèo, phân phối của cải không đồng đều",4
5-2,45.     ,苦哈哈,kǔ hāhā,,"bitter life, very poorly",cuộc sống khổ cực,4
5-2,46.    .,另謀發展,lìngmóu fāzhǎn,,to seek opportunities elsewhere,tìm kiếm cơ hội ở nơi khác,4
5-2,47.     ,恨不得,hènbùdé,,"to be dying to, desperately ","rất muốn, thiết tha",4
5-2,48.    .,一夜致富,yíyè zhìfù,,to become rich overnight,"giàu lên nhanh chóng, nhất dạ đại phú",4
5-2,49.     ,一片天,yípiàntiān,,"""place in the sun"", a job that makes you happy and provides you with all the money and things that you want, paradise","""thiên đường"", một công việc lý tưởng",4
6-1,1.        ,高來恩,Gāo Lái’ēn,,a man from Switzerland,một người đàn ông từ Thụy Sĩ,4
6-1,2.        ,地震,dìzhèn,N,earthquake,động đất,4
6-1,3.        ,搖,yáo ,Vp,"to rock, shake","rung chuyển, lắc",4
6-1,4.        ,厲害,lìhài ,Vs,"fierce, formidable","dữ dội, mạnh mẽ",4
6-1,5.        ,經常,jīngcháng ,Adv,frequently,thường xuyên,4
6-1,6.        ,倒,dǎo ,Vp,to collapse,"sụp đổ, đổ sập",4
6-1,7.        ,橋,qiáo ,N,bridge,cây cầu,4
6-1,8.        ,斷,duàn ,Vp,"to break, snap","gãy, đứt",4
6-1,9.        ,多,duō,Adv,so,"vì vậy, do đó",4
6-1,10.     ,地區,dìqū ,N,region,khu vực,4
6-1,11.     ,強烈,qiángliè ,Vs,strong,mạnh mẽ,4
6-1,12.     ,頻率,pínlǜ ,N,frequency,tần suất,4
6-1,13.     ,預測,yùcè ,V,"to predict, forecast","dự đoán, dự báo",4
6-1,14.     ,徵兆,zhēngzhào ,N,"sign, omen","dấu hiệu, điềm báo",4
6-1,15.     ,鳥類,niǎolèi ,N,birds,chim,4
6-1,16.     ,雞,jī,N,chicken,gà,4
6-1,17.     ,預先,yùxiān ,Adv,in advance,trước,4
6-1,18.     ,老鼠,lǎoshǔ ,N,"mouse, rat",chuột,4
6-1,19.     ,貓,māo ,N,cat,mèo,4
6-1,20.     ,馬,mǎ,N,horse,ngựa,4
6-1,21.     ,證實,zhèngshí ,V,to verify,"xác minh, kiểm chứng",4
6-1,22.     ,應變,yìngbiàn,Vi,to meet an emergency,ứng phó tình huống khẩn cấp,4
6-1,23.     ,隨手,suíshǒu ,Adv,within easy reach,trong tầm tay,4
6-1,24.     ,白,bái ,Adv,in vain,"vô ích, uổng công",4
6-1,25.     ,嫌,xián ,Vst,to grumble,"càu nhàu, phàn nàn",4
6-1,26.     ,事前,shìqián ,Adv,in advance,trước,4
6-1,27.     ,總是,zǒngshì,Adv,always,luôn luôn,4
6-1,28.     ,西歐,Xī ōu,,Western Europe,Tây Âu,4
6-1,29.     ,北歐,Běi ōu,,Northern Europe,Bắc Âu,4
6-1,30.     ,中歐,Zhōng ōu,,Central Europe,Trung Âu,4
6-1,31.     ,澳洲,àozhōu,,Australia,Úc,4
6-1,32.     ,南美洲,Nán Měizhōu ,,South America,Nam Mỹ,4
6-1,33.     ,地球科學,dìqiú kēxué,,earth science studies,ngành khoa học trái đất,4
6-1,34.     ,菲律賓,Fēilǜbīn,,the Philippines,Philippines,4
6-1,35.     ,天搖地動,tiānyáo dìdòng ,,"swaying heavens and trembling earth, earth-shaking","chuyển trời rung đất, long trời lở đất",4
6-1,36.     ,壓死,yāsǐ,,crushed to death,bị đè chết,4
6-1,37.     ,災情慘重,zāiqíng cǎnzhòng ,,in serious disaster,trong thảm họa nghiêm trọng,4
6-1,38.     ,東半部,dōng bàn bù,,the eastern half,nửa phía đông,4
6-1,39.     ,地震帶,dìzhèn dài ,,"seismic zone, earthquake belt","vùng động đất, vành đai động đất",4
6-1,40.     ,救生包,jiùshēng bāo ,,"survival kit, survival pack","bộ đồ sinh tồn, túi cứu hộ",4
6-1,41.     ,有備無患,yǒubèi wúhuàn ,,"be prepared, be on the safe side","chuẩn bị sẵn sàng, để phòng",4
6-2,1.        ,如何,rúhé ,Adv,how,làm thế nào,4
6-2,2.        ,逃生,táoshēng ,Vi,to evacuate,sơ tán,4
6-2,3.        ,發達,fādá,Vs,"advanced,developed","tiên tiến, phát triển",4
6-2,4.        ,天災,tiānzāi ,N,natural disaster,thiên tai,4
6-2,5.        ,災害,zāihài ,N,"disaster, damage (from a disaster)","thảm họa, thiệt hại (từ thảm họa)",4
6-2,6.        ,程度,chéngdù ,N,"degree, level",mức độ,4
6-2,7.        ,首先,shǒuxiān ,Adv,first of all,trước hết,4
6-2,8.        ,其次,qícì ,Adv,"second, next, then","thứ hai, tiếp theo",4
6-2,9.        ,災難,zāinàn,N,disaster,thảm họa,4
6-2,10.     ,緊急,jǐnjí ,Vs,in emergency,trong tình trạng khẩn cấp,4
6-2,11.     ,必需品,bìxūpǐn ,N,"necessities (必需 bìxū, essential, indispensable)",vật dụng thiết yếu,4
6-2,12.     ,譬如,pìrú,Vst,"for example, like","ví dụ, như",4
6-2,13.     ,手電筒,shǒudiàntǒng ,N,"flashlight, torch",đèn pin,4
6-2,14.     ,餅乾,bǐnggān,N,"crackers, cookies",bánh quy,4
6-2,15.     ,平時,píngshí ,N,in ordinary times,trong lúc bình thường,4
6-2,16.     ,狀況,zhuàngkuàng ,N,"situation,circumstance","tình hình, hoàn cảnh",4
6-2,17.     ,慌張,huāngzhāng ,Vs,"to panic, be flustered","hoảng loạn, hoảng sợ",4
6-2,18.     ,停電,tíngdiàn ,Vp-sep,to have a power outage,mất điện,4
6-2,19.     ,黑暗,hēi’àn ,N,the darkness,bóng tối,4
6-2,20.     ,方向,fāngxiàng,N,direction,phương hướng,4
6-2,21.     ,集合,jíhé ,Vi,"to meet, assemble","tụ họp, tập trung",4
6-2,22.     ,裂縫,lièfèng,N,crack,vết nứt,4
6-2,23.     ,瓦斯,wǎsī ,N,natural gas,khí đốt tự nhiên,4
6-2,24.     ,開關,kāiguān ,N,switch,công tắc,4
6-2,25.     ,火災,huǒzāi ,N,"fire (disaster), conflagration",hỏa hoạn,4
6-2,26.     ,門框,ménkuāng,N,door frame,khung cửa,4
6-2,27.     ,歪,wāi ,Vp,"askew, slanted, crooked","xiêu vẹo, nghiêng",4
6-2,28.     ,頭部,tóubù ,N,head,đầu,4
6-2,29.     ,冷靜,lěngjìng ,Vs,"cool-headed, calm","bình tĩnh, tỉnh táo",4
6-2,30.     ,穩,wěn ,Vs,steady,"vững vàng, ổn định",4
6-2,31.     ,櫃子,guìzi,N,"closet, cabinet","tủ, tủ đựng đồ",4
6-2,32.     ,牆壁,qiángbì ,N,wall,tường,4
6-2,33.     ,倒塌,dǎotā ,Vp,to collapse,sụp đổ,4
6-2,34.     ,電梯,diàntī,N,elevator,thang máy,4
6-2,35.     ,反而,fǎn’ér,Conj,"on the contrary, rather","ngược lại, thậm chí",4
6-2,36.     ,堅固,jiāngù ,Vs,"strong, firm, solid","chắc chắn, vững chãi",4
6-2,37.     ,柱子,zhùzi ,N,"pillar, column","cột trụ, trụ cột",4
6-2,38.     ,碰,pèng,V,"to hit, bump into","va vào, đâm vào",4
6-2,39.     ,形成,xíngchéng ,V,to form,hình thành,4
6-2,40.     ,三角形,sānjiǎoxíng,N,triangle,hình tam giác,4
6-2,41.     ,保持,bǎochí ,V,"to remain, stay","còn lại, ở lại",4
6-2,42.     ,平靜,píngjìng ,Vs,calm,bình tĩnh,4
6-2,43.     ,指示,zhǐshì ,N,"instructions, commands","hướng dẫn, mệnh lệnh",4
6-2,44.     ,救援,jiùyuán ,Vi,to rescue,cứu hộ,4
6-2,45.     ,行動,xíngdòng ,N,"activity, action, operations","hoạt động, hành động",4
6-2,46,掉下來,diàoxiàlái,,"to fall down, to drop","rơi xuống, rớt xuống",4
6-2,47,倒下來,dǎoxiàlái,,"to fall over, to collapse","đổ sập, ngã đổ",4
6-2,48,救災人員,jiùzāi rényuán ,,rescue personnel,nhân viên cứu hộ,4
7-1,1.        ,博文,Bówén,,a senior in college,sinh viên năm cuối đại học,4
7-1,2.        ,玉珍,Yùzhēn,,a sophomore in college,sinh viên năm hai đại học,4
7-1,3.        ,學妹,xuémèi,N,female lower classmate (see culture notes),em gái khóa dưới,4
7-1,4.        ,學弟,xuédì,N,male lower classmate,em trai khóa dưới,4
7-1,5.        ,彈,tán,V,"to play (piano, guiter)","chơi (đàn piano, guitar)",4
7-1,6.        ,吉他,jítā,N,guitar,ghi-ta,4
7-1,7.        ,交,jiāo,V,"to submit, hand in",nộp,4
7-1,8.        ,家教,jiājiào,N,"coach, tutor","huấn luyện viên, gia sư",4
7-1,9.        ,學長,xuézhǎng,N,male upper classmate,anh trai khóa trên,4
7-1,10.     ,還,hái,Adv,to one’s surprise,thật bất ngờ,4
7-1,11.     ,進度,jìndù,N,progress,tiến bộ,4
7-1,12.     ,落後,luòhòu,Vp,"to fall behind, lag","tụt hậu, chậm lại",4
7-1,13.     ,完成,wánchéng,Vpt,to complete,hoàn thành,4
7-1,14.     ,一連,yìlián,Adv,"in a row, in succession","liên tiếp, liên tục",4
7-1,15.     ,約會,yuēhuì,V-sep,to make a date/appointment,hẹn hò,4
7-1,16.     ,一生,yìshēng,N,(for) one’s life,(cả) đời,4
7-1,17.     ,時光,shíguāng,N,time,thời gian,4
7-1,18.     ,倒流,dàoliú,Vp,to flow backward,chảy ngược,4
7-1,19.     ,加強,jiāqiáng,V,to strengthen,"củng cố, tăng cường",4
7-1,20.     ,至少,zhìshǎo,Adv,at least,ít nhất,4
7-1,21.     ,訓練,xùnliàn,N/V,training; to train,đào tạo; huấn luyện,4
7-1,22.     ,外國,wàiguó,N,"other countries, abroad, foreign",nước ngoài,4
7-1,23.     ,爭取,zhēngqǔ,V,"to vie for, compete for","tranh giành, cạnh tranh",4
7-1,24.     ,實習,shíxí,Vi,to intern,thực tập,4
7-1,25.     ,二分之一,èrfēn zhīyī,,43467,43467,4
7-1,26.     ,一下…一下…,yíxià…yíxià…,,"measure phrase, describing fast-changing alternating scences of two activities","cảnh quay cắt nhanh, xen kẽ nhanh",4
7-1,27.     ,到時候,dào shíhòu,,"at that time, when the time comes","lúc đó, khi thời điểm đến",4
7-1,28.     ,談戀愛,tán liànài,,"to be in love, go steady (said of dating couples)","yêu đương, hẹn hò (nói về các cặp đôi)",4
7-1,29.     ,低空飛過,dīkōng fēiguò,,"barely managed to pass (a test, course)","vừa đủ điểm qua (một bài kiểm tra, khóa học)",4
7-1,30.     ,有助於,yǒuzhùyú,,"to help in something, be beneficial to something",có ích cho cái gì,4
7-1,31.     ,寒暑假,hánshǔ jià,,winter and summer vacations,kỳ nghỉ đông và hè,4
7-2,1.        ,暗戀,ànliàn,V,to have a crush on someone,phải lòng ai đó,4
7-2,2.        ,目光,mùguāng,N,"eyes, gaze","ánh mắt, cái nhìn",4
7-2,3.        ,移動,yídòng,Vi,to move,cảm động,4
7-2,4.        ,於是,yúshì,Conj,"so, whereupon","vì vậy, do đó",4
7-2,5.        ,原來,yuánlái,Adv,the truth is ,sự thật là,4
7-2,6.        ,煩惱,fánnǎo,Vs,"to be troubled, vexed","bối rối, phiền muộn",4
7-2,7.        ,擔任,dānrèn,V,to hold the post of ,giữ chức vụ,4
7-2,8.        ,學生會,xuéshēnghuì,N,"student union (會 -huì, organization)",hội sinh viên,4
7-2,9.        ,會長,huìzhǎng,N,"president of an associatin, club etc…(長 -zhǎng, head)","chủ tịch hội, câu lạc bộ, v.v.",4
7-2,10.     ,校隊,xiàoduì,N,school team,đội tuyển của trường,4
7-2,11.     ,隊員,duìyuán,N,"team member (員 -yuán, member, person)",thành viên đội,4
7-2,12.     ,高大,gāodà,Vs,"tall and big,bulky","cao lớn, đồ sộ",4
7-2,13.     ,帥氣,shuàiqì,Vs,"dashing, handsome","bảnh bao, đẹp trai",4
7-2,14.     ,雙,shuāng,M,a pair of,"một đôi, một cặp",4
7-2,15.     ,開朗,kāilǎng,Vs,cheerful,vui vẻ,4
7-2,16.     ,微笑,wéixiào,Vi,to smile,mỉm cười,4
7-2,17.     ,情人節,qíngrénjié,N,"Valentine’s Day (節 -jié, holiday, day)",Ngày Valentine,4
7-2,18.     ,親手,qīnshǒu,Adv,"personally, with one’s own hands","tự tay, chính tay",4
7-2,19.     ,巧克力,qiǎokèlì,N,chocolate,sô cô la,4
7-2,20.     ,當天,dāngtiān,N,that day,ngày hôm đó,4
7-2,21.     ,堆,duī,M,a pile of,một đống,4
7-2,22.     ,向,xiàng,Prep,to,"đến, tới",4
7-2,23.     ,告白,gàobái,Vi,to confess,"thổ lộ, bày tỏ",4
7-2,24.     ,萬人迷,wànrénmí,N,"heartthrob (迷 -mí, charmer)",người khiến ta say mê,4
7-2,25.     ,交往,jiāowǎng,Vi,"to go steady, to date",hẹn hò,4
7-2,26.     ,系花,xìhuā,N,"department beauty, the most beautiful girl in a department",hoa khôi của khoa,4
7-2,27.     ,追,zhuī,V,"to chase, woo","theo đuổi, tán tỉnh",4
7-2,28.     ,情書,qíngshū,N,love letter,thư tình,4
7-2,29.     ,態度,tàidù,N,attitude,thái độ,4
7-2,30.     ,曖昧,àimèi,Vs,ambiguous (about one’s relationship),mập mờ (về mối quan hệ),4
7-2,31.     ,甜蜜,tiánmì,Vs,sweet,ngọt ngào,4
7-2,32.     ,溫柔,wēnróu,Vs,tender,"dịu dàng, mềm mại",4
7-2,33.     ,訊息,xùnxí,N,message,tin nhắn,4
7-2,34.     ,忌妒,jìdù,Vst,to be jealous,ghen tị,4
7-2,35.     ,安全感,ānquángǎn,N,"the feeling of security（感-gǎn, sense/feeling of）",cảm giác an toàn,4
7-2,36.     ,吃醋,chīcù,Vp-sep,to be jealous,ghen tuông,4
7-2,37.     ,吵架,chǎojià,V-sep,"to quarrel, fight, argue","cãi nhau, tranh cãi",4
7-2,38.     ,牽,qiān,V,to hold,"ôm, giữ",4
7-2,39.     ,吻,wěn,V,to kiss,hôn,4
7-2,40.     ,劈腿,pītuǐ,Vp-sep,to two-time,"lừa dối, có hai người yêu",4
7-2,41.     ,糟糕,zāogāo,Ptc,"oh no, how terrible, what bad luck!","ôi trời, thật khủng khiếp, thật xui xẻo!",4
7-2,42.     ,何清源,Hé Qīngyuán,,a male college student,Hà Thanh Nguyên,4
7-2,43.     ,林榮華,Lín Rónghuá,,a male college student,Lâm Vinh Hoa,4
7-2,44.    .,一見鍾情,yíjiàn zhōngqíng,,love at first sight,,4
7-2,45.    .,一舉一動,yìjǔ yídòng,,every move,"mọi cử chỉ, hành động",4
7-2,46.     ,前一天,qián yì tiān,,the day before ,ngày hôm trước,4
7-2,47.     ,已讀不回,yǐdú bùhuí,,read without reply,đọc mà không trả lời,4
8-1,1.        ,王麗華,Wáng Lìhuá,,a woman from Taiwan,một phụ nữ từ Taiwan,4
8-1,2.        ,魯亞,Lǔ Yǎ,,a man from Turkey,một người đàn ông từ Thổ Nhĩ Kỳ,4
8-1,3.        ,論文,lùnwén,N,"thesis, dissertation, scholarly article","luận văn, bài báo học thuật",4
8-1,4.        ,反正,fǎnzhèng,Adv,in any case,dù sao đi nữa,4
8-1,5.        ,不只,bùzhǐ,Adv,not only,không chỉ,4
8-1,6.        ,哈,hā ,Ptc,ha,ha,4
8-1,7.        ,代替,dàitì,V,"to substitute, to be in place of ","thay thế, thế chỗ",4
8-1,8.        ,獨自,dúzì,Adv,"alone, by oneself",một mình,4
8-1,9.        ,難免,nánmiǎn,Adv,"inevitably, hard to avoid ",khó tránh khỏi,4
8-1,10.     ,費用,fèiyòng,N,"costs, expense",chi phí,4
8-1,11.     ,觀念,guānniàn,N,"concept, notion","khái niệm, quan niệm",4
8-1,12.     ,代,dài,N,generation,thế hệ,4
8-1,13.     ,婚姻,hūnyīn,N,marriage,hôn nhân,4
8-1,14.     ,束縛,shùfú,V,"to be fettered by, bound by, shackled by","bị trói buộc bởi, gò bó bởi",4
8-1,15.     ,追求,zhuīqiú,V,to pursue,theo đuổi,4
8-1,16.     ,倒是,dàoshì,Adv,on the other hand,mặt khác,4
8-1,17.     ,推行,tuīxíng,V,to promote,"thúc đẩy, quảng bá",4
8-1,18.     ,生育,shēngyù,V/N,"to have babies; reproduction, childbirth",sinh con; sinh sản,4
8-1,19.     ,補助,bǔzhù,V/N,"to subsidize; subsidy, allowance",trợ cấp; tiền trợ cấp,4
8-1,20.     ,老人,lǎorén,N,"old people, seniors",người già,4
8-1,21.     ,夫婦,fūfù,N,"husband and wife, couple (夫 -fū, man; 婦 -fù, woman)",vợ chồng,4
8-1,22.     ,獨生子,dúshēngzǐ,N,only child (male),con một (trai),4
8-1,23.     ,寵,chǒng,Vst,to spoil (somebody),nuông chiều (ai đó),4
8-1,24.     ,職業,zhíyè,N,"occupation, profession",nghề nghiệp,4
8-1,25.     ,婦產科,fùchǎnkē,N,"obstetrics and gynecology, OB/GYN (婦 -fù, woman; 產 -chǎn, produce; 科 -kē, department)",khoa sản phụ khoa,4
8-1,26.     ,失業,shīyè,Vp,"to lose one's job, to become unemployed","mất việc, thất nghiệp",4
8-1,27.     ,補習班,bǔxíbān,N,"cram school (補習 bǔxí, supplement studies; 班 -bān, class)",lớp học thêm,4
8-1,28.     ,不可思議,bùkě sīyì,,"hard to comprehend, beyond logic, unbelievable","khó hiểu, vô lý, không thể tin được",4
8-1,29.     ,有話直說,yǒuhuà zhíshuō,,"to be frank, don't hold anything back, spit it out","nói thẳng, đừng giấu giếm",4
8-1,30.     ,娃娃推車,wáwa tuīchē,,baby carriage,xe đẩy em bé,4
8-1,31.     ,不足為奇,bùzú wéiqí,,"nothing strange, not surprising at all","chẳng có gì lạ, hoàn toàn không ngạc nhiên",4
8-1,32.     ,遠遠,yuǎnyuǎn,,by far,cho đến nay,4
8-1,33.     ,傳宗接代,chuánzōng jiēdài,,carry on the family line,nối dõi tông đường,4
8-1,34.     ,無拘無束,wújū wúshù,,"carefree, free, do as one pleases","thoải mái, tự do, muốn làm gì thì làm",4
8-1,35.     ,老一輩,lǎoyíbèi,,the older generation,"thế hệ trước, lớp người đi trước",4
8-1,36.     ,一胎化政策,yìtāihuà zhèngcè,,One Child Policy,Chính sách Một con,4
8-1,37.     ,這下子,zhèxiàzi,,as a consequence,"do đó, kết quả là",4
8-2,1.        ,已,yǐ,Adv,already (formal),đã (trang trọng),4
8-2,2.        ,生育率,shēngyùlǜ,N,"birth rate (率 -lǜ, rate)",tỷ lệ sinh,4
8-2,3.        ,離婚,líhūn,Vp-sep,to get divorced,ly hôn,4
8-2,4.        ,年齡,niánlíng,N,age,tuổi tác,4
8-2,5.        ,較,jiào,Adv,comparatively more (formal),tương đối nhiều hơn (trang trọng),4
8-2,6.        ,使,shǐ,Vst,to cause,gây ra,4
8-2,7.        ,行業,hángyè,N,"businesses, walks of life","các ngành nghề, lĩnh vực",4
8-2,8.        ,重大,zhòngdà,Vs,"enormous, heavy","to lớn, nặng nề",4
8-2,9.        ,幼稚園,yòuzhìyuán,N,kindergarten,trường mẫu giáo,4
8-2,10.     ,招生,zhāoshēng,Vi,"to recruit students, find students",tuyển sinh,4
8-2,11.     ,減班,jiǎnbān,Vp-sep,to reduce enrollments,giảm chỉ tiêu tuyển sinh,4
8-2,12.     ,將,jiāng,Adv,will soon,sắp sửa,4
8-2,13.     ,少子化,shǎozǐhuà,Vp,"low birth rate (少, few; 子, children; 化 -huà, -ize, suffix indicating tranformation)",tỷ lệ sinh thấp,4
8-2,14.     ,連鎖,liánsuǒ,Vs-attr,"chain, franchise","chuỗi cửa hàng, nhượng quyền",4
8-2,15.     ,兒童,értóng,N,child (ren),trẻ em,4
8-2,16.     ,美語,Měiyǔ,N,(American) English,tiếng Anh (Mỹ),4
8-2,17.     ,倒閉,dǎobì,Vp,to go out of business,phá sản,4
8-2,18.     ,何況,hékuàng,Adv,"much less, let alone","chưa kể, huống chi",4
8-2,19.     ,無法,wúfǎ,Adv,to be unable to,không thể,4
8-2,20.     ,未來,wèilái,N,future,tương lai,4
8-2,21.     ,遠景,yuǎnjǐng,N,future prospects,triển vọng tương lai,4
8-2,22.     ,足夠,zúgòu,Vs,enough,đủ,4
8-2,23.     ,加入,jiārù,V,"to enter, join","gia nhập, tham gia",4
8-2,24.     ,老化,lǎohuà,Vp,aging ,già hóa dân số,4
8-2,25.     ,針對,zhēnduì,Prep,"aimed at, directed at","nhắm vào, hướng đến",4
8-2,26.     ,項,xiàng,M,item,"hạng mục, điều khoản",4
8-2,27.     ,措施,cuòshī,N,measure,biện pháp,4
8-2,28.     ,減稅,jiǎnshuì,V-sep,"to reduce taxes, tax break",giảm thuế,4
8-2,29.     ,延長,yáncháng,V,"to extended, make longer",kéo dài,4
8-2,30.     ,產假,chǎnjià,N,maternity leave,kỳ nghỉ thai sản,4
8-2,31.     ,托育,tuōyù,N,childcare,chăm sóc trẻ em,4
8-2,32.     ,胎,tāi,N,"embryo, birth, child","bào thai, đứa trẻ",4
8-2,33.     ,領,lǐng,V,"to receive, withdraw (money)","nhận, rút (tiền)",4
8-2,34.     ,元,yuán,N,dollar (or other currency),đô la (hoặc các loại tiền tệ khác),4
8-2,35.     ,成年,chéngnián,Vp,"to come to age, enter adulthood","trưởng thành, đến tuổi trưởng thành",4
8-2,36.     ,除非,chúfēi,Conj,unless,trừ khi,4
8-2,37.     ,整體,zhěngtǐ,N,overall,tổng thể,4
8-2,38.     ,否則,fǒuzé,Conj,otherwise,nếu không thì,4
8-2,39.     ,婦女,fùnǚ,N,woman,phụ nữ,4
8-2,40.     ,意願,yìyuàn,N,intention,ý định,4
8-2,41.     ,祖父母,zǔfùmǔ,N,paternal grandparents,ông bà nội,4
8-2,42.     ,孫女,sūnnǚ,N,granddaughter,cháu gái,4
8-2,43.     ,重,zhòng,Vs,heavy,nặng nề,4
8-2,44.     ,預算,yùsuàn,N,budget,ngân sách,4
8-2,45.     ,財政,cáizhèng,N,finance,tài chính,4
8-2,46.     ,沉重,chénzhòng,Vs,heavy,nặng,4
8-2,47.     ,有效,yǒuxiào,Vs,effective,hiệu quả,4
8-2,48.     ,正,zhèng,Adv,during the process of ,trong quá trình,4
8-2,49.     ,考驗,kǎoyàn,V,to test out,thử nghiệm,4
8-2,50.     ,智慧,zhìhuì,N,wisdom,"trí tuệ, sự khôn ngoan",4
8-2,51.     ,之一,zhīyī,,one of,một trong,4
8-2,52.     ,寧缺勿濫,níngquē wùlàn,,not settle for less than perfect,không bằng lòng với cái gì kém hoàn hảo,4
8-2,53.     ,合不來,hébùlái,,not get along,"không hòa hợp, không hợp nhau",4
8-2,54.     ,生兒育女,shēng’ér yùnǚ,,to have and raise children,sinh và nuôi dạy con cái,4
8-2,55.     ,獨善其身,dúshàn qíshēn,,"to look out only for oneself, be self-centered","chỉ biết nghĩ đến bản thân, ích kỷ",4
8-2,56.     ,停滯不前,tíngzhì bùqián ,,in stagnation,trong tình trạng trì trệ,4
9-1,1.        ,逐漸,zhújiàn,Adv,gradually,dần dần,4
9-1,2.        ,據點,jùdiǎn,N,"base, stronghold","căn cứ, cơ sở",4
9-1,3.        ,統治,tǒngzhì,V,"to rule, govern","cai trị, quản lý",4
9-1,4.        ,景點,jǐngdiǎn,N,scenic site,"địa điểm tham quan, thắng cảnh",4
9-1,5.        ,繁榮,fánróng,Vs,prosperous,"thịnh vượng, phồn thịnh",4
9-1,6.        ,港口,gǎngkǒu,N,"harbor, port","cảng, bến cảng",4
9-1,7.        ,據說,jùshuō,V,it is said,người ta nói rằng,4
9-1,8.        ,鹿,lù,N,deer,"con hươu, con nai",4
9-1,9.        ,鹿群,lùqún ,N,"herd of deer (群 -qún, group, crowd)",đàn hươu/nai,4
9-1,10.     ,形狀,xíngzhuàng,N,shape,hình dạng,4
9-1,11.     ,鹿角,lùjiǎo,N,deer antlers,gạc hươu/nai,4
9-1,12.     ,便,biàn,Adv,accordingly,"theo đó, do đó",4
9-1,13.     ,稱,chēng,V,to call,gọi,4
9-1,14.     ,動物園 ,dòngwùyuán ,N,zoo,sở thú,4
9-1,15.     ,皮,pí,N,"skin, hides","da, bộ da",4
9-1,16.     ,殺,shā,V,to kill,giết,4
9-1,17.     ,數量,shùliàng,N,"number, quantity",số lượng,4
9-1,18.     ,風光,fēngguāng,N,glory,vinh quang,4
9-1,19.     ,民宅,mínzhái,N,"home, people's residence","nhà ở, nơi ở của người dân",4
9-1,20.     ,蚵仔煎,ézǐjiān,N,oyster omelet,trứng tráng hàu,4
9-1,21.     ,哦,ó,Ptc,an interjection indicating concurrence accepting what has been presented,"ừ, ờ (thán từ đồng ý với điều vừa nói)",4
9-1,22.     ,該,gāi,Vaux,"should, ought to (formal)","nên, phải (trang trọng)",4
9-1,23.     ,興盛,xīngshèng,Vs,flourishing,"thịnh vượng, phát đạt",4
9-1,24.     ,時期,shíqí,N,"period, age","thời kỳ, giai đoạn",4
9-1,25.     ,獨木舟,dúmùzhōu,N,canoe,"xuồng, ca nô",4
9-1,26.     ,為,wéi,Vst,as,"như, với tư cách là",4
9-1,27.     ,載運,zàiyùn,V,to transport,vận chuyển,4
9-1,28.     ,改名,gǎimíng,V-sep,to legally change one’s names,đổi tên hợp pháp,4
9-1,29.     ,相似,xiāngsì,Vs,similar ,tương tự,4
9-1,30.     ,沒落,mòluò,Vp,"to decline, wane","suy tàn, suy yếu",4
9-1,31.     ,依然,yīrán,Adv,still,vẫn còn,4
9-1,32.     ,保留,bǎoliú,V,"to remain intact, preserve","còn nguyên vẹn, bảo tồn",4
9-1,33.     ,鹿港,Lùgǎng,,Lugang,Lugang,4
9-1,34.     ,艋舺,Měngjiǎ,,Mengjia (Mangka),Mengjia (Mangka),4
9-1,35.     ,淡水河,Dànshuǐ Hé,,"Tamsui River (河 -hé,river)",Sông Đạm Thủy,4
9-1,36.     ,萬華,Wànhuá,,Wanhua,Vạn Hoa,4
9-1,37.     ,台語,Táiyǔ,,Taiwanese (a Southern Min dialect),tiếng $censored$ (phương ngữ Mân Nam),4
9-1,38.     ,日語,Rìyǔ,,Japanese (language),tiếng Nhật,4
9-1,39.     ,家喻戶曉,jiāyù hùxiǎo,,widely known,được biết đến rộng rãi,4
9-1,40.     ,滿山遍野,mǎnshān biànyě,,all over the mountains and plains,khắp núi đồi,4
9-1,41.     ,古色古香,gǔsè gǔxiāng,,"to have an antique air, quaint, classical in style","có phong cách cổ kính, xưa cũ",4
9-1,42.     ,綠豆糕,lǜdòu gāo,,mung-bean cake,bánh đậu xanh,4
9-1,43.     ,牛舌餅,niúshé bǐng,,ox-tongue biscuit,bánh lưỡi bò,4
9-1,44.     ,垂涎三尺,chuíxián sānchǐ,,"to salivate over, make one's mouth water",thèm chảy nước miếng,4
9-2,1.        ,數目,shùmù,N,"amount, quantity","số lượng, khối lượng",4
9-2,2.        ,大約,dàyuē,Adv,"about, approximately","khoảng, ước chừng",4
9-2,3.        ,佔,zhàn,Vst,constitute (same as“占”),"chiếm (giống ""占"")",4
9-2,4.        ,自從,zìcóng,Prep,ever since,kể từ đó,4
9-2,5.        ,將近,jiāngjìn,Adv,"nearly, almost","gần như, hầu như",4
9-2,6.        ,往來,wǎnglái,N,"dealings, contact","giao dịch, tiếp xúc",4
9-2,7.        ,思念,sīniàn,Vst,"to miss, think about, long for","nhớ nhung, mong mỏi",4
9-2,8.        ,通信,tōngxìn,V-sep,"to communicate, correspond by mail",liên lạc qua thư từ,4
9-2,9.        ,毫無,háowú,Vst,none whatsoever ,không một chút nào,4
9-2,10.     ,音訊,yīnxùn,N,"news, information, message","tin tức, thông tin",4
9-2,11.     ,遠離,yuǎnlí,Vst,to have left far away from ,đã rời xa,4
9-2,12.     ,妻子,qīzi,N,wife (literary),vợ (văn chương),4
9-2,13.     ,永遠,yǒngyuǎn,N,"always, forever","luôn luôn, mãi mãi",4
9-2,14.     ,開放,kāifàng,Vp,to open to the public,mở cửa cho công chúng,4
9-2,15.     ,探親,tànqīn,Vi,to visit relatives,thăm bà con,4
9-2,16.     ,親人,qīnrén,N,"relatives, loved ones","người thân, người yêu thương",4
9-2,17.     ,打聽,dǎtīng,V,"to ask about, inquire","hỏi thăm, thăm hỏi",4
9-2,18.     ,不禁,bùjīn,Adv,can't help but,không thể không,4
9-2,19.     ,淚,lèi,N,tears,nước mắt,4
9-2,20.     ,尚未,shàngwèi,Adv,not yet,vẫn chưa,4
9-2,21.     ,出世,chūshì,Vp,to be born,được sinh ra,4
9-2,22.     ,童年,tóngnián,N,childhood,thời thơ ấu,4
9-2,23.     ,傷心,shāngxīn,Vs,sad,buồn bã,4
9-2,24.     ,筆,bǐ,M,sum (of money),một khoản tiền,4
9-2,25.     ,仍然,réngrán,Adv,still,vẫn còn,4
9-2,26.     ,原諒,yuánliàng,Vst,to forgive,tha thứ,4
9-2,27.     ,盡,jìn,V,"to exhaust, do one’s utmost","cố gắng hết sức, làm hết sức mình",4
9-2,28.     ,究竟,jiùjìng,Adv,"after all, in the end, actually","rốt cuộc, sau cùng, thực ra",4
9-2,29.     ,內心,nèixīn,N,"in one’s heart, heart of hearts, innermost being","trong lòng, tận đáy lòng",4
9-2,30.     ,創傷,chuāngshāng,N,"trauma, scars","tổn thương, vết sẹo tinh thần",4
9-2,31.     ,珍惜,zhēnxí,Vst,"to cherish, treasure","trân trọng, nâng niu",4
9-2,32.     ,精華,jīnghuá,Vs-attr,prime,thời kỳ đỉnh cao,4
9-2,33.     ,逃難,táonàn,Vi,"to flee from war, natural disaster etc.","chạy trốn khỏi chiến tranh, thiên tai, v.v.",4
9-2,34.     ,實在,shízài,Adv,"truly, really","thực sự, chân thật",4
9-2,35.     ,歲月,suìyuè,N,"years, time","năm tháng, thời gian",4
9-2,36.     ,遭遇,zāoyù,N/V,"(unhappy) experiences, happenings; to encounter, to have met with","(trải nghiệm) không vui, sự kiện; gặp phải, trải qua",4
9-2,37.     ,老兵,lǎobīng,N,"old soldier, veteran","cựu binh, lão binh",4
9-2,38.     ,老張,Lǎo Zhāng,,"Lao Zhang, nickname for someone whose surname is Zhang","Lão Trương, biệt danh của người họ Trương",4
9-2,39.     ,文化大革命,Wénhuà Dà Gémìng,,Cultural Revolution (1966～1976),Cách mạng Văn hóa (1966-1976),4
9-2,40.     ,落地生根,luòdì shēnggēn,,to set one's roots down,"bén rễ, định cư",4
9-2,41.     ,身強體壯,shēnqiáng tǐzhuàng,,strong and healthy,"mạnh khỏe, cường tráng",4
9-2,42.     ,離鄉背井,líxiāng bèijǐng,,to leave one's hometown to become a stranger else where,rời quê hương đến nơi đất khách,4
9-2,43.     ,飄洋過海,piāoyáng guòhǎi,,to sail cross the sea,vượt biển,4
9-2,44.     ,朝思暮想,zhāosī mùxiǎng,,to be a miss day and night,nhớ nhung ngày đêm,4
9-2,45.     ,一輩子,yíbèizi,,one lifetime,một đời người,4
9-2,46.     ,恐懼不安,kǒngjù bù’ān,,"scared and anxious, suffering from constant fear","sợ hãi và lo lắng, sống trong sợ hãi triền miên",4
9-2,47.     ,刻骨銘心,kègǔ míngxīn,,"unforgettable, to be imprinted hard in one’s mind ","không thể quên, khắc sâu trong tâm trí",4
10-1,1.        ,何建明,Hé Jiànmíng,,a man college graduate,một cử nhân nam,4
10-1,2.        ,應徵,yìngzhēng,V,to apply for a job,xin việc,4
10-1,3.        ,配,pèi,V,"to go with, match","phù hợp, phối hợp",4
10-1,4.        ,領帶,lǐngdài,N,tie,cà vạt,4
10-1,5.        ,花,huā,Vs,"fancy, flowery, garish","sặc sỡ, loè loẹt",4
10-1,6.        ,素色,sùsè,N,plain (in color),"màu trơn, đơn giản",4
10-1,7.        ,剩下,shèngxià,Vpt,"to remain, left (over)","còn lại, thừa",4
10-1,8.        ,龍頭,lóngtóu,N,"head, leader","trưởng nhóm, lãnh đạo",4
10-1,9.        ,起薪,qǐxīn,N,starting salary,mức lương khởi điểm,4
10-1,10.     ,福利,fúlì,N,(work) benefits,phúc lợi (công việc),4
10-1,11.     ,具備,jùbèi,Vst,to have in one’s qualification,có trong hồ sơ năng lực,4
10-1,12.     ,限制,xiànzhì,N,restrictions,"hạn chế, quy định",4
10-1,13.     ,以上,yǐshàng,N,"above, over, more than","trên, hơn",4
10-1,14.     ,以下,yǐxià,N,"below, under, fewer than","dưới, ít hơn",4
10-1,15.     ,相關,xiāngguān,Vs,"related, relevant",liên quan,4
10-1,16.     ,各位,gèwèi,N,"you (plural, formal)","các bạn (số nhiều, trang trọng)",4
10-1,17.     ,應屆,yìngjiè,Vs-attr,"this year’s, upcoming","của năm nay, sắp tới",4
10-1,18.     ,畢業生,bìyè shēng,N,graduate,sinh viên tốt nghiệp,4
10-1,19.     ,大一,dàyi ,N,"freshman, first-year university student (大二 sophomore, 大三 junior, 大四 senior)","sinh viên năm nhất đại học (năm 2: đại học năm hai, năm 3: đại học năm ba, năm 4: đại học năm tư)",4
10-1,20.     ,企劃部,qìhuàbù,N,"planning department (部 -bù, department)",ban kế hoạch,4
10-1,21.     ,營運,yíngyùn,N,operations,"vận hành, hoạt động kinh doanh",4
10-1,22.     ,知識,zhīshì,N,knowledge,kiến thức,4
10-1,23.     ,社長,shèzhǎng,N,club president,chủ nhiệm câu lạc bộ,4
10-1,24.     ,聯合,liánhé,Adv,jointly,"cùng nhau, chung sức",4
10-1,25.     ,音樂會,yīnyuè huì,N,concert,buổi hòa nhạc,4
10-1,26.     ,節目,jiémù,N,"program, show, event","chương trình, sự kiện",4
10-1,27.     ,好評,hǎopíng,N,"positive comments, praise","nhận xét tích cực, lời khen",4
10-1,28.     ,企劃,qìhuà,V/N,to plan (used in business); a plan ,lên kế hoạch (dùng trong kinh doanh); một kế hoạch,4
10-1,29.     ,領導,lǐngdǎo,V,to lead,"dẫn dắt, lãnh đạo",4
10-1,30.     ,合作,hézuò,Vi,"to cooperate with, work with","hợp tác với, làm việc cùng",4
10-1,31.     ,似乎,sìhū,Adv,seem,dường như,4
10-1,32.     ,關於,guānyú,Prep,"related to, regarding",liên quan đến,4
10-1,33.     ,磨練,móliàn,N/V,"training, hone a skill; to train, hone, or to practice over time","rèn luyện, trau dồi kỹ năng; luyện tập qua thời gian",4
10-1,34.     ,優點,yōudiǎn,N,"strong point, forte","điểm mạnh, sở trường",4
10-1,35.     ,上司,shàngsī,N,"supervisor, boss","người giám sát, sếp",4
10-1,36.     ,誇獎,kuājiǎng,V,"to praise, commend","khen ngợi, biểu dương",4
10-1,37.     ,週,zhōu,M,week,tuần,4
10-1,38.     ,內,nèi,N,within,trong vòng,4
10-1,39.     ,以,yǐ,Prep,to use (formal),sử dụng (trang trọng),4
10-1,40.     ,書面,shūmiàn,N,in writing,bằng văn bản,4
10-1,41.     ,通知,tōngzhī,V/N,to notify; a notification,thông báo; một thông báo,4
10-1,42.     ,就…而言,jiù…éryán,,as far as…are concerned,đối với... mà nói,4
10-1,43.     ,新鮮人,xīnxiānrén,,"freshman, (here) a person, usually a college graduate, new or “fresh” to the workforce","tân binh, (ở đây) người mới vào nghề, thường là sinh viên mới ra trường",4
10-1,44.     ,面試官,miànshì guān,,interviewing officer,người phỏng vấn,4
10-1,45.     ,自我介紹,zìwǒ jièshào,,self-introduction,tự giới thiệu,4
10-1,46.     ,所學有限,suǒxué yǒuxiàn,,what has been learned is only rather limited,những gì đã học chỉ là hữu hạn,4
10-2,1.        ,出國,chūguó,V-sep,to go abroad,đi nước ngoài,4
10-2,2.        ,資金,zījīn,N,"capital, funds","vốn, tiền vốn",4
10-2,3.        ,廠商,chǎngshāng,N,manufacturer,nhà sản xuất,4
10-2,4.        ,例外,lìwài,N,exception,ngoại lệ,4
10-2,5.        ,關,guān,N,hurdle,"rào cản, chướng ngại",4
10-2,6.        ,接觸,jiēchù,V,"to come in contact with, to contact","tiếp xúc với, liên hệ với",4
10-2,7.        ,青年,qīngnián,N,"young people, youth","giới trẻ, thanh niên",4
10-2,8.        ,貸款,dàikuǎn,N,loan,khoản vay,4
10-2,9.        ,開店,kāidiàn,V-sep,to open a store,mở cửa hàng,4
10-2,10.     ,料,liào,N,"material, (here) a person not suited for…","chất liệu, (ở đây) người không phù hợp với...",4
10-2,11.     ,損失,sǔnshī,Vpt,to lose,"thua, mất",4
10-2,12.     ,勇氣,yǒngqì,N,courage,can đảm,4
10-2,13.     ,員工,yuángōng,N,employee,nhân viên,4
10-2,14.     ,求職,qiúzhí,Vi,to seek employment,tìm việc làm,4
10-2,15.     ,目標,mùbiāo,N,"target, (here) the most ideal job","mục tiêu, (ở đây) công việc lý tưởng nhất",4
10-2,16.     ,初步,chūbù,Vs-attr,"preliminary, initial","sơ bộ, ban đầu",4
10-2,17.     ,技巧,jìqiǎo,N,tips,"mẹo, lời khuyên",4
10-2,18.     ,概念,gàiniàn,N,"concept, idea","khái niệm, ý tưởng",4
10-2,19.     ,挑,tiāo,V,"to select, pick","lựa chọn, chọn lựa",4
10-2,20.     ,基本,jīběn,Vs,basic,cơ bản,4
10-2,21.     ,襯衫,chènshān,N,button-up shirt,áo sơ mi có cúc,4
10-2,22.     ,過程,guòchéng,N,process,quy trình,4
10-2,23.     ,同班,tóngbān,,same class,cùng lớp,4
10-2,24.     ,是…的料,shì…de liào,,to be gifted in…,có năng khiếu về...,4
10-2,25.     ,接下來,jiēxiàlái,,"and then, next","và sau đó, tiếp theo",4
10-2,26.  ,提不起（勇氣）,tíbùqǐ(yǒngqì) ,,unable to raise…to a high level to pump up (enough courage),không thể lấy hết can đảm,4
10-2,27.     ,養家活口,yǎngjiā huókǒu,,support one's family,nuôi gia đình,4
10-2,28.     ,來自,láizì,,from來 + literary preposition 自“from” = 從…來,đến từ,4
10-2,29.     ,熟讀,shóudú,,to keep reading something until one remembers everything,đọc đi đọc lại cho đến khi thuộc lòng,4
10-2,30.     ,考古題,kǎogǔtí,,"test items from previous years(題-tí, for test items)",các đề thi những năm trước,4
10-2,31.     ,沙盤推演,shāpán tuīyǎn,,"to rehearse; a dry run, a practice run","diễn tập; một buổi chạy thử, tập dượt",4
10-2,32.     ,深藍色,shēnlán sè,,dark blue,màu xanh đậm,4
11-1,1.        ,種族,zhǒngzú,N,"ethnic group, race","dân tộc, chủng tộc",4
11-1,2.        ,熔爐,rónglú,N,"melting pot, smelting furnace, crucible","nồi nấu kim loại, nơi hòa trộn",4
11-1,3.        ,偏偏,piānpiān,Adv,"deliberately, insist on","cố ý, nhất quyết",4
11-1,4.        ,肯,kěn,Vaux,be willing to,sẵn lòng,4
11-1,5.        ,母語,mǔyǔ,N,mother tongue,tiếng mẹ đẻ,4
11-1,6.        ,口音,kǒuyīn,N,accent,"giọng, chất giọng",4
11-1,7.        ,適應,shìyìng,V,"to adapt to, get used to","thích nghi với, làm quen với",4
11-1,8.        ,了不起,liǎobùqǐ,Vs,"terrific, amazing, really something","tuyệt vời, đáng kinh ngạc",4
11-1,9.        ,交流,jiāoliú,Vi,"to exchange, associate","trao đổi, giao lưu",4
11-1,10.     ,志工,zhìgōng,N,volunteer,tình nguyện viên,4
11-1,11.     ,縣,xiàn,N,county,"hạt, quận",4
11-1,12.     ,市,shì,N,city,thành phố,4
11-1,13.     ,外籍,wàijí,Vs-attr,foreign national,người nước ngoài,4
11-1,14.     ,配偶,pèi’ǒu,N,spouse,vợ/chồng,4
11-1,15.     ,焦慮,jiāolǜ,Vs,to be anxious,lo lắng,4
11-1,16.     ,溝通,gōutōng,N,communication,giao tiếp,4
11-1,17.     ,障礙,zhàng’ài,N,"obstacle, handicap","trở ngại, khuyết tật",4
11-1,18.     ,良好,liánghǎo,Vs,positive,tích cực,4
11-1,19.     ,以往,yǐwǎng,Adv,"formerly, heretofore","trước đây, trước kia",4
11-1,20.     ,面對,miànduì,V,"to face, confront","đối mặt, đương đầu",4
11-1,21.     ,衝擊,chōngjí,N,impact,"tác động, ảnh hưởng",4
11-1,22.     ,大眾,dàzhòng,N,"the public, the masses","công chúng, quần chúng",4
11-1,23.     ,難以,nányǐ,Adv,to find it difficult to ,thấy khó khăn để,4
11-1,24.     ,認同,rèntóng,V,"to identify with, accept","hòa nhập, chấp nhận",4
11-1,25.     ,跨國,kuàguó,Vs-attr,transnational,xuyên quốc gia,4
11-1,26.     ,大量,dàliàng,Adv,in large quantities,với số lượng lớn,4
11-1,27.     ,移入,yírù,V,"to immigrate (入, enter, into (formal))",nhập cư,4
11-1,28.     ,憂慮,yōulǜ,Vst,to worry,lo lắng,4
11-1,29.     ,降低,jiàngdī,V,"to reduce, lower","giảm, hạ thấp",4
11-1,30.     ,素質,sùzhí,N,quality,chất lượng,4
11-1,31.     ,歧視,qíshì,Vst,to discriminate,phân biệt đối xử,4
11-1,32.     ,子女,zǐnǚ,N,children (from 兒子＋女兒),con cái (từ 兒子 + 女兒),4
11-1,33.     ,資產,zīchǎn,N,"asset, resource","tài sản, nguồn lực",4
11-1,34.     ,應,yīng,Vaux,"should, ought to (formal)","nên, phải (trang trọng)",4
11-1,35.     ,平等,píngděng,N,equality,bình đẳng,4
11-1,36.     ,相互,xiānghù,Adv,"mutually, each other","lẫn nhau, qua lại",4
11-1,37.     ,外人,wàirén,N,outsider,người ngoài cuộc,4
11-1,38.     ,聯絡,liánlào,V,"to contact, to connect with","liên lạc với, kết nối với",4
11-1,39.     ,小明,Xiǎomíng,,"Xiaoming, a nickname","Tiểu Minh, một biệt danh",4
11-1,40.     ,家長日,jiāzhǎngrì,,parents’ day,ngày họp phụ huynh,4
11-1,41.     ,氣人,qìrén,,"exasperating, annoying","bực bội, khó chịu",4
11-1,42.     ,照說,zhào shuō,,to keep on saying…,cứ nói đi nói lại...,4
11-1,43.     ,在…之餘,zài…zhīyú,,to do something at a time when not doing…,làm việc gì đó vào lúc không nên làm...,4
11-1,44.     ,本地人,běndì rén,,local people,người địa phương,4
11-1,45.     ,自己人,zìjǐrén,,"one of us, one of our own, compatriots","người nhà, đồng bào",4
11-1,46.     ,哪裡！哪裡！,nǎlǐ nǎlǐ,,"not at all, not a problem, you’re welcome","không có gì, đừng khách sáo",4
11-2,1.        ,漸漸,jiànjiàn,Adv,gradually,dần dần,4
11-2,2.        ,曾,céng,Adv,"have been before,was once (formal)","đã từng, đã một lần (trang trọng)",4
11-2,3.        ,嘗試,chángshì,V/N,"to try (something new), attempt; an attempt","thử (cái gì mới), nỗ lực; một nỗ lực",4
11-2,4.        ,結構,jiégòu,N,structure,cấu trúc,4
11-2,5.        ,產生,chǎnshēng,Vp,"to take place, produce","xảy ra, tạo ra",4
11-2,6.        ,轉變,zhuǎnbiàn,N,"change, transformation","sự thay đổi, biến đổi",4
11-2,7.        ,嬰兒,yīng’ér,N,baby,em bé,4
11-2,8.        ,雙親,shuāngqīn,N,both parents,cả cha lẫn mẹ,4
11-2,9.        ,本國,běnguó,N,our country,"nước ta, quốc gia chúng ta",4
11-2,10.     ,國籍,guójí,N,nationality,quốc tịch,4
11-2,11.     ,大陸籍,Dàlùjí,N,"from Mainland China, (lit. Mainland nationality) (籍 -jí, nationality)","người đại lục, (nghĩa đen) quốc tịch đại lục",4
11-2,12.     ,其,qí,Det,"his, her, its, their(formal)","của anh ấy, cô ấy, nó, họ (trang trọng)",4
11-2,13.     ,比例,bǐlì,N,ratio (percentage),tỷ lệ (phần trăm),4
11-2,14.     ,根本,gēnběn,Vs,fundamental,"cơ bản, căn bản",4
11-2,15.     ,可見,kějiàn,Conj,"it is obvious that, it is clearly seen that","rõ ràng là, có thể thấy rõ",4
11-2,16.     ,現有,xiànyǒu,Vs-attr,"current, existing","hiện tại, đang tồn tại",4
11-2,17.     ,分配,fēnpèi,N/V,"distribution, to distribute, allocate","sự phân bổ, phân phối",4
11-2,18.     ,顧慮,gùlǜ,Vst,to be concerned about,quan tâm đến,4
11-2,19.     ,學童,xuétóng,N,school children,học sinh,4
11-2,20.     ,身心,shēnxīn,N,"physical and mental, mind and body",thể chất và tinh thần,4
11-2,21.     ,缺乏,quēfá,Vst,to lack,thiếu,4
11-2,22.     ,課業,kèyè,N,school work,"việc học, bài vở",4
11-2,23.     ,指導,zhǐdǎo,N/V,guidance; to give guidance to,hướng dẫn; hướng dẫn,4
11-2,24.     ,輔導,fǔdǎo,V,to counsel,tư vấn,4
11-2,25.     ,輸,shū,Vp,to lose out (opposite of win),thua cuộc (trái với thắng),4
11-2,26.     ,失去,shīqù,Vp,"to lose (an item), lack","mất mát, thiếu hụt",4
11-2,27.     ,然而,rán’ér,Conj,"but, on the other hand, however","nhưng, mặt khác, tuy nhiên",4
11-2,28.     ,觀點,guāndiǎn,N,perspective,"góc nhìn, quan điểm",4
11-2,29.     ,加速,jiāsù,V,to accelerate,"tăng tốc, đẩy nhanh",4
11-2,30.     ,創下,chuàngxià,Vpt,to set (a record),lập (kỷ lục),4
11-2,31.     ,紀錄,jìlù,N,record,kỷ lục,4
11-2,32.     ,明顯,míngxiǎn,Vs,"significant, obvious","đáng kể, rõ rệt",4
11-2,33.     ,下降,xiàjiàng,Vp,to decrease,giảm,4
11-2,34.     ,趨勢,qūshì,N,trend,xu hướng,4
11-2,35.     ,高齡化,gāolínghuà,Vp,for a population to become aged/geriatric,già hóa dân số,4
11-2,36.     ,世代,shìdài,N,generation,thế hệ,4
11-2,37.     ,不足,bùzú,Vs,"insufficient, not adequate","không đủ, không thỏa đáng",4
11-2,38.     ,持續,chíxù,Vaux,"to continue, to keep on","tiếp tục, duy trì",4
11-2,39.     ,正視,zhèngshì,V,"to face squarely, pay due attention to","đối mặt thẳng thắn, chú ý đúng mức",4
11-2,40.     ,國語,Guóyǔ,,Mandarin,tiếng Phổ thông,4
11-2,41.     ,客語,Kèyǔ,,"Hakka, a Chinese (Han) dialect",tiếng Khách Gia (một phương ngữ Hán),4
11-2,42.     ,最多數,zuìduōshù,,the greatest majority,đại đa số,4
11-2,43.     ,總人數,zǒng rénshù,,total population,tổng dân số,4
11-2,44.     ,起跑點,qǐpǎodiǎn,,starting line,vạch xuất phát,4
11-2,45.     ,新生兒,xīnshēng’ér,,a newborn baby,một em bé sơ sinh,4
11-2,46.     ,生產力,shēngchǎn lì,,productivity,năng suất,4
11-2,47.     ,一較長短,yíjiào chángduǎn,,"to compete, to compare against","cạnh tranh, so sánh với",4
12-1,1.        ,王安康,Wáng ānkāng,,"Wang Ankang, male","Vương An Khang, nam",4
12-1,2.        ,張定能,Zhāng Dìngnéng,,"Zhang Dingneng, male","Trương Đỉnh Năng, nam",4
12-1,3.        ,美好,měihǎo,Vs,"wonderful, beautiful","tuyệt vời, đẹp đẽ",4
12-1,4.        ,當選,dāngxuǎn,Vpt,to be elected to an office,được bầu vào chức vụ,4
12-1,5.        ,無所謂,wúsuǒwèi,Vs,I don’t care; does not bother me,Tôi không quan tâm; không làm tôi bận tâm,4
12-1,6.        ,敏感,mǐngǎn,Vs,sensitive,nhạy cảm,4
12-1,7.        ,化學,huàxué,N,"chemical, chemistry","hóa chất, hóa học",4
12-1,8.        ,添加物,tiānjiāwù,N,additives,chất phụ gia,4
12-1,9.        ,殘留,cánliú,N,residue,"cặn, dư lượng",4
12-1,10.     ,修改,xiūgǎi,V,to amend,sửa đổi,4
12-1,11.     ,法規,fǎguī,N,"laws and regulations, statutes","luật và quy định, quy chế",4
12-1,12.     ,安養,ānyǎng,N,"to care for, to provide nursing care to all people","chăm sóc, cung cấp dịch vụ y tế cho mọi người",4
12-1,13.     ,河川,héchuān,N,river and stream,sông suối,4
12-1,14.     ,脫離,tuōlí,Vpt,"to be separate oneself from, break away from","tách mình ra khỏi, thoát ly khỏi",4
12-1,15.     ,背景,bèijǐng,N,background,bối cảnh,4
12-1,16.     ,領域,lǐngyù,N,"area (of study, etc.), (here) walk of life","lĩnh vực (nghiên cứu, v.v.), (ở đây) ngành nghề",4
12-1,17.     ,竟然,jìngrán,Adv,"unexpectedly, surprisingly","thật bất ngờ, đáng ngạc nhiên",4
12-1,18.     ,總統,zǒngtǒng,N,president,"tổng thống, chủ tịch",4
12-1,19.     ,保障,bǎozhàng,N/V,"security (e.g., job security), to guarantee","sự an toàn (ví dụ: an toàn công việc), bảo đảm",4
12-1,20.     ,特權,tèquán,N,special privileges,đặc quyền,4
12-1,21.     ,把持,bǎchí,V,to control,kiểm soát,4
12-1,22.     ,監督,jiāndū,V,"to oversee, monitor, supervise","giám sát, theo dõi",4
12-1,23.     ,罷免,bàmiǎn,V,"to recall, remove from office","bãi nhiệm, cách chức",4
12-1,24.     ,權,quán,N,"power, authority","quyền lực, thẩm quyền",4
12-1,25.     ,廉能,liánnéng,Vs,clean and capable,trong sạch và có năng lực,4
12-1,26.     ,富足,fùzú,Vs,"affluent, abundant","dồi dào, phong phú",4
12-1,27.     ,在乎,zàihū,Vst,to care about,quan tâm đến,4
12-1,28.     ,生命,shēngmìng,N,life,cuộc sống,4
12-1,29.     ,財產,cáichǎn,N,"property, assets",tài sản,4
12-1,30.     ,義工,yìgōng,N,volunteer,tình nguyện viên,4
12-1,31.     ,選戰,xuǎnzhàn,N,(election) campaign,chiến dịch (bầu cử),4
12-1,32.     ,承諾,chéngnuò,N/V,promise; to promise,lời hứa; hứa,4
12-1,33.     ,帶領,dàilǐng,V,to lead,lãnh đạo,4
12-1,34.     ,力量,lìliàng,N,power,quyền lực,4
12-1,35.     ,擺脫,bǎituō,V,to rid of,loại bỏ,4
12-1,36.     ,困境,kùnjìng,N,"dire situation, straits","tình thế khó khăn, hoàn cảnh ngặt nghèo",4
12-1,37.     ,房地產,fángdìchǎn,,real estate,bất động sản,4
12-1,38.     ,小自…大至…,xiǎo zì…dà zhì…,,"from such trivialities to such major concerns (自, from (formal); 至, to (formal))","từ những việc nhỏ nhặt đến những vấn đề lớn (自, từ (trang trọng); 至, đến (trang trọng))",4
12-1,39.     ,是否,shìfǒu,,whether or not,có... hay không,4
12-1,40.     ,照理說,zhào lǐ shuō,,normally,thông thường,4
12-1,41.     ,政治人物,zhèngzhì rénwù,,politicians,các chính trị gia,4
12-1,42.     ,受苦,shòu kǔ,,suffering,sự đau khổ,4
12-2,1.        ,富裕,fùyù,Vs,"rich, affluent","giàu có, phong lưu",4
12-2,2.        ,貪汙,tānwū,Vp,"to graft, to demand ","tham nhũng, đòi hối lộ",4
12-2,3.        ,腐敗,fǔbài,Vs,corruption,tham nhũng,4
12-2,4.        ,政爭,zhèngzhēng,N,political infighting,mâu thuẫn nội bộ chính trị,4
12-2,5.        ,停滯,tíngzhì,Vp,"to stagnate, stall","trì trệ, đình đốn",4
12-2,6.        ,上升,shàngshēng,Vp,to rise,tăng lên,4
12-2,7.        ,信心,xìnxīn,N,confidence,sự tự tin,4
12-2,8.        ,遊民,yóumín,N,"street people, the homeless",người vô gia cư,4
12-2,9.        ,外界,wàijiè,N,the outside world,thế giới bên ngoài,4
12-2,10.     ,悲慘,bēicǎn,Vs,"miserable, tragic","thảm khốc, bi thảm",4
12-2,11.     ,日子,rìzi,N,"days, life","cuộc sống, những ngày tháng",4
12-2,12.     ,如此,rúcǐ,Adv,"such, so","như vậy, đến mức",4
12-2,13.     ,巨大,jùdà,Vs,enormous,"to lớn, khổng lồ",4
12-2,14.     ,無能,wúnéng,Vs,incompetent,"bất tài, vô dụng",4
12-2,15.     ,冷漠,lěngmò,Vs,apathetic,"thờ ơ, lãnh đạm",4
12-2,16.     ,學者,xuézhě,N,scholars,các học giả,4
12-2,17.     ,階層,jiēcéng,N,class hierarchy (in society),tầng lớp xã hội,4
12-2,18.     ,自然,zìrán,Adv,naturally,một cách tự nhiên,4
12-2,19.     ,阻止,zǔzhǐ,V,"to prevent, block","ngăn chặn, chặn đứng",4
12-2,20.     ,遙遠,yáoyuǎn,Vs,remote,"xa xôi, hẻo lánh",4
12-2,21.     ,無論,wúlùn,Conj,"no matter, regardless","bất kể, cho dù",4
12-2,22.     ,明明,míngmíng,Adv,"clearly, obviously",một cách rõ ràng,4
12-2,23.     ,骯髒,āngzāng,Vs,dirty,bẩn thỉu,4
12-2,24.     ,顧,gù,V,to care about,quan tâm đến,4
12-2,25.     ,自身,zìshēn,N,one's own,của riêng mình,4
12-2,26.     ,政客,zhèngkè,N,politico,"chính khách, kẻ chính trị cơ hội",4
12-2,27.     ,縱容,zòngróng,V,"to condone, tolerate","khoan dung, tha thứ",4
12-2,28.     ,使得,shǐde ,Vst,"to make, to cause","làm cho, khiến cho",4
12-2,29.     ,工廠,gōngchǎng,N,factory,nhà máy,4
12-2,30.     ,密集,mìjí,Vs,crowded with high density of,đông đúc với mật độ cao,4
12-2,31.     ,遭受,zāoshòu,Vst,"to suffer from, be subjected to","phải chịu đựng, bị ảnh hưởng bởi",4
12-2,32.     ,困苦,kùnkǔ,Vs,distressed,"đau khổ, khốn cùng",4
12-2,33.     ,老人年金,lǎorén niánjīn,,annuity payment for senior citizens(provided by The National Pension Program in $censored$),tiền trợ cấp hưu trí cho người cao tuổi,4
12-2,34.     ,無家可歸,wújiā kěguī,,"homeless, no home to go back to","vô gia cư, không có nhà để về",4
12-2,35.     ,以…為…,yǐ…wéi…,,taking… as… (formal),lấy... làm... (trang trọng),4
12-2,36.     ,漠不關心,mòbù guānxīn,,indifferent,"thờ ơ, dửng dưng",4
12-2,37.     ,發言權,fāyán quán,,"right to speak, (here) a voice (in politics, etc.)","quyền được lên tiếng, (ở đây) tiếng nói (trong chính trị, v.v.)",4
12-2,38.     ,影響力,yǐngxiǎng lì,,influence,ảnh hưởng,4
12-2,39.     ,官商勾結,guānshāng gōujié,,collusion between politicians and business people,sự thông đồng giữa chính trị gia và giới doanh nhân,4
12-2,40.     ,貧富懸殊,pínfù xuánshū,,a huge gap between the rich and the poor,khoảng cách giàu nghèo khổng lồ,4
12-2,41.     ,息息相關,xíxí xiāngguān,,inextricably related to,có liên quan mật thiết với,4